year,1,0,0,0,0,0,0,0,0,0,0,0,0,0,0,0,0,0,0,0,0,0,0,0,0,0,0,0,0,0,0,1,0,0,0,0,0,0,0,0,0,0,0,0,0,0,0,0,0,0,0,0,0,0,0,0,0,0,0,0,0,0,1,0,0,0,0,0,0,0,0,0,0,0,0,0,0,0,0,0,0,0,0,0,0,0,0,0,0,0,1,0,0,0,0,0,0,0,0,0,0,0,0,0,0,0,0,0,0,0,0,0,0,0,0,0,0,0,0,0,0,1,0,0,0,0,0,0,0,0,0,0,0,0,0,0,0,0,0,0,0,0,0,0,0,0,0,0,0,0,0,1,0,0,0,0,0,0,0,0,0,0,0,0,0,0,0,0,0,0,0,0,0,0,0,0,0,0,0,0,0,0,1,0,0,0,0,0,0,0,0,0,0,0,0,0,0,0,0,0,0,0,0,0,0,0,0,0,0,0,0,0,1,0,0,0,0,0,0,0,0,0,0,0,0,0,0,0,0,0,0,0,0,0,0,0,0,0,0,0,0,0,0,1,0,0,0,0,0,0,0,0,0,0,0,0,0,0,0,0,0,0,0,0,0,0,0,0,0,0,0,0,0,0,1,0,0,0,0,0,0,0,0,0,0,0,0,0,0,0,0,0,0,0,0,0,0,0,0,0,0,0,0,0,1,0,0,0,0,0,0,0,0,0,0,0,0,0,0,0,0,0,0,0,0,0,0,0,0,0,0,0,0,0,0,1,0,0,0,0,0,0,0,0,0,0,0,0,0,0,0,0,0,0,0,0,0,0,0,0,0,0,0,0,1
,30,29,36,34,28,23,20,21,26,22,19,19,20,7,4,25,36,39,34,11,22,35,36,11,19,14,10,24,17,7,23,28,25,24,24,32,32,41,40,27,22,32,35,41,44,38,20,25,22,19,25,29,31,29,25,34,19,18,18,27,38,35,19,29,25,33,26,28,29,30,26,38,45,44,46,38,10,21,20,28,30,42,38,41,38,46,44,34,28,40,43,37,45,50,56,47,44,54,58,59,62,69,58,63,81,60,74,68,82,88,64,49,60,54,56,63,65,73,80,73,59,49,59,68,64,80,86,74,67,58,60,63,66,71,75,83,61,61,71,77,91,90,78,56,58,73,61,80,63,66,74,77,78,76,79,71,78,89,86,69,67,66,76,67,78,81,81,82,85,92,94,97,89,82,81,72,94,99,95,81,90,95,89,76,79,89,90,84,85,74,87,87,74,78,84,87,85,80,82,83,78,84,82,92,96,93,82,74,67,82,84,88,84,84,82,82,83,80,86,93,87,72,81,70,62,76,69,75,66,73,76,72,80,85,79,74,76,84,75,66,76,76,78,82,69,80,80,85,87,69,60,73,87,66,62,66,78,85,87,81,66,61,72,82,85,69,73,78,68,67,76,52,58,66,70,64,67,79,69,68,68,51,59,49,48,63,59,63,53,53,62,52,61,53,66,54,45,41,46,62,60,35,41,41,47,51,50,54,59,53,54,50,50,48,43,38,42,47,53,54,38,56,67,63,48,41,42,37,40,45,38,36,50,30,33,45,50,52,65,57,29,31,34,35,13,17,33,34,32,38,39,42,41,32,9,27,39,52,43,33,42,25,21,20,30
,38,45,24,25,30,16,12,7,15,16,16,30,24,36,29,12,31,41,38,34,29,31,39,39,21,31,34,28,7,23,31,34,13,0,17,27,41,34,33,12,16,18,13,20,31,34,34,42,30,24,14,10,28,21,31,33,30,37,41,44,42,37,40,47,37,40,58,57,33,45,42,40,41,41,46,46,46,38,43,45,41,40,36,43,44,49,50,51,39,47,40,57,49,49,61,67,34,45,40,40,36,42,51,56,52,57,66,45,42,42,45,63,76,82,83,70,75,70,81,77,83,76,82,76,55,68,55,64,74,56,69,63,75,86,81,78,63,72,70,69,60,75,79,75,68,75,63,72,85,78,66,73,62,73,74,76,78,69,72,83,91,89,92,88,70,62,64,66,73,81,78,75,83,82,75,72,83,83,81,89,87,89,86,88,85,83,78,76,72,70,78,70,80,89,90,70,74,84,82,98,90,85,86,82,91,83,87,81,89,71,78,77,81,81,78,76,71,75,78,86,68,77,83,83,87,72,87,87,81,81,76,86,90,90,77,65,67,74,81,68,78,80,83,88,90,72,71,69,67,78,71,65,70,61,76,75,76,86,82,86,90,82,72,62,69,59,71,60,70,73,54,57,60,66,52,61,64,70,57,67,69,73,58,68,58,66,67,64,60,66,62,52,52,66,66,57,58,64,52,44,51,57,64,69,61,51,45,40,49,56,44,54,50,58,34,37,44,24,38,51,60,59,46,54,37,31,35,39,42,48,40,31,31,28,35,39,29,32,33,33,32,30,31,36,40,37,28,23,27,19,8,10,-1,-10,4,29,31,36,32,16,28,30,34,37,32
,23,20,22,13,11,18,18,16,14,26,30,33,24,31,37,29,21,26,34,5,-1,1,19,29,42,34,23,22,21,28,35,41,21,29,39,38,39,35,24,22,33,40,25,21,21,-12,11,22,22,35,45,41,45,50,50,20,27,28,36,33,25,9,19,34,25,31,15,23,44,52,41,39,40,40,36,42,46,34,48,37,34,35,45,52,64,56,30,32,33,42,58,38,29,44,41,23,34,39,42,34,39,48,54,38,35,40,48,51,54,47,48,58,71,69,64,54,50,52,53,49,37,60,49,43,67,62,78,56,68,59,58,58,56,63,67,62,79,69,69,78,60,66,78,80,77,70,79,72,69,72,76,76,76,76,90,80,65,54,70,74,74,72,82,77,74,87,71,70,79,79,81,78,87,80,88,91,88,84,86,78,67,71,81,82,77,73,71,81,80,88,90,92,88,89,90,86,76,81,84,75,78,84,69,80,86,85,83,87,77,78,75,85,88,89,78,68,77,71,63,77,77,68,80,85,83,85,77,74,74,68,74,81,84,83,88,80,77,70,66,71,79,73,79,68,68,69,80,78,84,84,78,78,67,70,58,69,77,78,65,56,56,70,73,62,77,68,54,56,58,72,63,62,66,74,64,53,52,50,65,66,74,73,48,61,68,78,70,61,68,67,48,46,50,48,49,46,42,46,48,49,50,56,53,45,56,54,47,42,53,53,53,62,62,44,38,40,43,35,34,33,32,38,52,46,40,32,27,31,42,44,42,30,30,34,36,37,39,36,39,32,29,37,44,36,30,31,16,16,7,8,30,31,33,33,34,12,1,16,28,36,39,38,11,24,30
,28,25,30,25,37,35,25,9,13,28,30,30,24,33,33,13,26,33,33,37,40,40,34,29,30,40,41,34,29,23,24,21,21,17,19,39,42,28,3,22,18,13,12,21,29,31,23,37,32,16,30,39,38,35,42,32,36,35,37,25,12,25,11,18,36,39,36,22,21,34,48,41,23,32,39,43,37,19,34,34,40,38,46,56,50,41,41,44,38,45,46,43,38,40,40,48,45,38,62,51,45,37,37,39,46,38,42,50,64,53,44,56,63,48,43,50,51,53,69,71,65,61,78,89,89,87,80,60,63,64,68,75,81,66,69,77,78,56,59,66,76,69,79,81,80,78,91,85,80,83,90,81,80,72,71,76,77,66,69,75,59,78,81,74,74,71,83,81,65,67,78,59,77,84,72,70,82,91,94,96,78,80,82,85,88,88,88,93,96,91,85,89,88,79,83,86,86,75,77,84,76,72,82,87,88,79,81,83,88,80,81,84,90,92,92,95,93,76,78,83,89,95,101,91,95,96,97,96,93,78,73,77,84,88,77,66,72,71,74,81,76,74,82,79,85,78,77,70,80,71,61,68,73,81,75,66,70,71,76,82,76,72,78,79,63,55,62,66,56,53,64,59,65,66,52,49,62,70,69,75,73,51,61,64,64,69,52,44,46,62,72,59,52,43,50,54,51,61,51,44,48,40,38,54,64,65,65,64,47,34,34,38,50,54,49,37,43,42,40,39,49,38,41,43,40,35,36,34,34,37,42,41,30,34,30,19,18,31,38,40,41,41,38,37,30,31,25,29,31,36,33,21,6,26,30,16,26,28,35,35,18,22,9,23,30
,44,33,23,34,19,3,16,24,22,2,14,30,27,8,15,14,13,16,23,23,25,29,27,9,2,10,14,23,14,26,20,22,14,20,23,21,32,19,31,24,37,38,29,22,23,36,41,31,24,20,25,36,41,42,30,35,41,41,36,42,42,49,30,40,41,28,38,39,35,41,35,48,54,59,55,62,62,51,46,38,39,41,55,63,71,64,79,80,63,54,67,62,57,47,46,46,62,69,76,81,84,82,84,67,44,59,68,67,49,58,61,45,45,62,57,64,50,47,53,56,53,57,62,51,61,61,65,65,53,46,52,57,60,66,53,59,68,54,55,69,69,86,59,60,67,82,64,65,69,58,49,57,58,61,63,60,62,69,72,79,75,79,77,80,90,89,79,83,87,79,75,80,82,81,84,88,75,81,88,89,92,86,79,77,80,85,83,82,79,87,79,69,76,80,84,67,72,78,84,85,82,79,78,84,87,88,81,78,79,79,87,88,86,81,81,68,80,76,65,81,88,88,89,91,86,87,76,79,81,86,88,91,93,77,71,71,70,70,73,81,89,84,74,87,72,72,76,83,90,94,94,90,84,79,77,68,65,78,58,62,59,55,61,72,60,68,69,82,72,71,75,71,50,58,65,47,52,64,69,65,66,52,49,52,59,44,47,46,46,55,71,75,64,67,70,50,44,51,47,45,44,61,54,57,48,51,57,43,44,51,60,66,67,53,46,53,62,52,39,37,43,47,48,39,29,44,39,32,34,35,37,36,35,23,25,27,34,31,33,35,36,40,43,38,20,12,20,27,30,23,12,23,17,11,14,11,14,18,35,38,36,30,32,37,38
,26,12,28,39,46,52,54,37,38,41,37,37,38,7,6,3,22,22,21,13,30,30,24,31,30,34,15,28,29,24,40,30,31,14,8,24,39,36,21,34,30,21,34,41,55,30,29,33,24,21,28,12,21,23,32,21,14,26,30,40,43,39,46,38,50,49,50,45,31,30,43,62,68,48,52,55,56,52,60,68,62,42,59,54,66,63,78,84,45,33,44,61,43,51,43,38,43,47,44,37,44,45,52,60,53,45,50,61,52,44,53,68,81,63,73,57,41,51,56,61,60,50,47,65,50,55,58,53,53,59,58,57,63,75,72,71,55,58,64,72,67,70,77,78,91,66,68,67,72,75,57,53,63,71,68,70,71,74,83,69,74,75,84,67,68,76,81,84,68,71,77,72,67,86,90,92,94,89,93,96,93,88,75,76,84,86,87,76,74,81,82,83,78,81,87,69,75,83,91,94,80,70,79,76,85,76,76,77,85,88,79,74,70,66,68,85,85,85,81,89,91,76,72,70,76,76,81,78,81,77,68,74,77,72,71,65,68,71,71,78,66,69,74,79,71,68,71,76,76,74,64,65,81,71,58,64,71,74,79,84,87,85,89,78,79,82,68,76,72,78,82,76,64,41,48,66,76,80,82,82,60,63,67,71,75,58,57,61,66,57,55,52,45,57,63,66,70,71,65,73,64,71,70,69,54,48,59,58,42,54,56,51,48,51,52,54,43,42,35,47,52,38,44,52,48,49,33,40,50,44,44,34,39,34,41,14,28,36,35,38,43,44,50,54,48,50,56,28,27,17,44,34,30,28,37,36,36,38,31,23,14,19,35,36,16
,10,29,17,19,29,27,31,32,3,13,41,40,18,35,42,32,33,35,28,43,44,12,22,42,42,40,46,47,30,36,40,30,26,30,40,23,13,29,22,20,25,23,17,27,40,43,32,21,32,21,11,8,18,27,25,31,31,27,25,36,36,38,34,36,39,35,37,37,34,38,46,48,47,43,36,33,31,40,44,41,42,43,47,49,23,30,33,42,34,41,42,43,37,50,43,69,47,42,40,57,71,64,43,57,56,39,46,51,40,43,39,53,61,60,49,58,54,48,62,58,46,59,62,62,70,63,55,42,46,58,71,82,67,53,70,60,64,59,77,71,63,67,78,71,75,75,71,70,79,62,63,72,60,60,67,72,78,70,58,62,79,92,73,75,68,68,64,74,71,67,68,79,84,89,79,65,85,85,88,92,88,90,76,78,79,85,84,79,73,84,90,89,84,85,91,89,90,87,87,75,81,82,71,83,80,85,89,83,73,88,88,84,68,79,82,85,89,93,93,90,81,89,90,93,97,96,89,70,81,80,84,85,80,85,93,97,97,72,82,85,72,68,74,77,78,80,84,84,88,89,77,84,88,87,90,81,86,86,73,75,82,69,65,72,73,54,66,52,51,48,60,60,55,51,52,64,73,72,79,83,71,54,65,71,75,72,74,79,84,85,84,80,75,65,66,74,48,62,70,74,75,59,49,55,52,58,62,54,56,53,56,50,42,45,45,42,42,37,34,33,35,38,35,36,34,42,47,36,34,37,30,37,30,32,32,35,43,38,20,22,28,43,35,24,28,31,19,26,38,45,31,29,15,21,24,22,18,16,24,27,22,25,14,9,15
,17,24,26,32,33,33,27,30,35,24,15,34,35,24,10,26,26,19,14,31,33,32,19,7,13,20,25,19,23,1,6,14,30,21,12,15,21,27,23,4,15,24,32,33,42,19,38,46,37,46,46,24,28,23,31,39,34,36,26,25,32,28,21,5,29,32,32,41,38,24,28,28,34,45,54,38,47,50,57,58,55,49,60,38,54,63,28,44,50,71,65,52,37,45,69,60,63,61,56,40,49,66,50,43,44,60,40,59,54,71,54,66,65,72,62,60,54,49,55,46,51,59,62,70,72,70,57,50,60,58,65,63,62,51,67,57,62,53,52,60,53,50,59,64,74,78,83,83,76,75,79,84,78,86,88,66,74,64,61,64,62,61,69,69,77,70,73,73,72,73,81,75,77,64,81,81,83,83,83,93,89,82,81,85,83,87,71,76,83,88,93,94,96,81,75,82,89,81,90,81,87,86,78,67,79,82,74,88,86,84,87,83,86,79,81,78,73,72,69,76,76,80,83,70,80,73,80,83,86,83,79,83,84,87,86,86,95,96,95,92,87,71,68,72,70,81,84,88,88,87,88,85,71,76,84,92,67,63,64,70,74,72,76,59,57,60,58,69,72,75,75,82,81,73,60,53,56,60,69,72,64,64,64,67,64,57,57,58,63,58,42,44,41,43,52,57,57,52,47,42,56,54,60,59,53,56,58,60,68,75,58,56,58,74,51,51,48,43,42,48,53,56,49,59,45,46,45,43,43,49,52,42,36,35,41,40,44,50,54,48,48,43,38,35,32,40,45,32,27,34,38,30,24,24,34,36,31,17,15,8,25,34,47,46,53
,36,29,30,34,41,46,37,43,46,42,21,24,29,29,26,42,42,39,53,34,25,35,28,33,18,13,20,38,38,24,30,32,24,25,25,15,24,38,40,45,35,15,33,38,28,48,43,35,41,41,24,27,36,34,41,39,33,32,38,32,29,32,36,48,42,24,36,39,34,32,28,32,41,33,28,32,33,20,30,47,59,55,45,56,63,64,61,52,49,42,48,52,50,53,64,49,50,49,41,53,56,68,75,60,62,48,43,54,49,58,53,78,67,48,52,52,63,48,55,72,80,78,77,81,76,79,67,73,76,56,57,69,67,65,65,75,79,82,79,56,67,64,66,76,61,57,60,63,60,58,68,75,83,87,85,85,83,64,58,69,78,89,92,94,89,88,92,92,92,87,79,93,83,77,80,87,88,77,81,85,91,93,95,96,93,76,81,77,84,89,77,78,89,84,77,86,88,87,83,93,90,82,82,80,88,78,93,98,95,98,94,78,82,89,86,86,87,90,91,97,93,97,87,83,82,83,79,86,69,73,66,69,80,89,90,73,76,92,92,83,70,79,83,80,73,80,84,80,70,62,54,60,68,74,74,71,76,61,71,75,69,77,59,66,62,58,56,58,64,65,75,61,66,57,65,68,71,68,64,60,68,76,76,85,81,63,71,60,64,68,65,66,70,71,71,54,50,50,55,51,58,67,65,58,46,53,58,42,34,37,43,57,42,57,38,38,44,51,53,48,40,43,40,39,35,24,35,30,39,23,23,32,39,44,38,37,25,32,40,26,24,19,18,27,41,52,50,31,27,29,37,44,43,42,47,56,57,25,32,49,55,44,35,14,25
1950,36,40,52,63,57,30,22,10,26,41,41,26,45,49,34,42,27,42,16,17,21,35,36,33,43,55,37,33,49,45,22,26,34,31,31,15,33,14,23,40,36,40,37,29,31,33,37,30,36,35,4,6,9,28,35,18,10,8,26,36,16,2,15,42,28,33,50,32,16,31,33,22,32,31,23,31,26,33,40,43,50,40,36,40,42,41,59,44,31,40,45,46,51,71,63,30,39,42,39,41,51,42,32,45,47,58,58,63,68,58,51,45,42,49,53,50,68,52,51,54,46,60,64,51,69,81,64,51,67,74,63,71,72,63,68,59,64,55,55,66,71,74,75,79,75,80,86,75,72,76,81,73,79,68,66,71,79,86,89,91,80,68,75,81,74,84,81,70,65,69,79,77,73,89,85,88,86,86,76,82,80,80,82,81,75,84,79,81,86,89,87,80,85,91,72,81,79,87,82,80,73,77,82,86,81,78,80,80,81,83,77,75,75,66,79,73,71,76,76,83,85,85,65,73,76,74,80,79,88,77,72,78,72,78,81,87,84,73,86,85,70,65,71,75,63,70,69,64,73,80,79,80,64,63,68,70,61,67,57,58,65,61,65,55,59,55,44,57,58,62,64,65,77,80,82,76,57,61,62,67,71,71,64,57,61,51,50,52,56,62,58,75,65,59,46,47,47,54,40,47,54,66,67,55,71,75,45,46,46,49,59,61,65,50,44,37,38,44,49,57,53,36,53,58,39,29,32,42,52,52,44,35,35,36,35,34,53,57,32,25,40,45,31,32,32,33,30,31,33,31,29,26,20,22,27,30,34,36,18,3,13,25,29,32,31
,29,40,44,50,29,33,15,16,23,35,39,32,29,32,39,30,36,40,46,52,52,11,33,40,33,24,20,15,15,14,15,26,22,17,25,32,35,46,23,0,10,30,41,41,20,19,36,36,39,40,38,40,37,30,31,40,42,41,30,28,35,34,35,40,44,45,38,23,29,29,43,45,44,40,38,34,35,47,37,38,31,35,42,34,28,42,61,57,53,48,52,48,37,46,44,53,58,59,46,50,46,55,56,52,50,46,42,46,57,48,51,57,54,55,50,58,67,64,67,61,67,61,53,54,62,63,53,65,70,55,49,51,53,72,85,82,54,70,80,81,78,85,61,64,75,85,74,73,67,68,78,85,65,74,71,65,76,66,74,80,75,65,76,77,59,61,75,75,84,89,86,81,77,76,81,75,73,82,75,69,73,69,78,77,83,67,77,86,86,86,87,87,68,80,85,87,83,76,78,75,72,79,80,78,84,85,89,80,70,82,85,83,80,77,69,64,69,75,77,69,85,80,80,76,79,76,73,73,58,64,79,71,72,70,71,69,76,79,74,82,86,84,80,67,62,60,74,70,68,69,70,77,80,73,85,84,82,76,72,70,71,74,75,79,80,70,67,58,54,66,58,48,49,59,65,72,78,79,60,53,57,52,55,51,50,51,61,63,73,74,72,63,47,60,60,67,69,55,59,57,46,42,52,60,35,33,38,33,33,33,43,42,42,51,45,45,58,64,59,45,35,28,25,22,28,41,51,38,32,35,28,28,39,42,44,45,43,54,60,60,58,58,40,32,31,34,16,21,21,3,14,19,14,27,43,40,27,31,24,24,20,17,33,40,38
,47,40,28,29,31,23,10,12,21,24,23,36,37,29,45,41,36,42,31,41,31,31,36,12,26,41,36,33,9,14,26,45,45,44,40,42,33,27,35,30,33,36,24,12,20,20,28,32,25,25,28,35,28,30,34,31,33,41,32,21,28,25,37,38,32,29,34,39,39,44,38,31,25,26,23,36,42,38,42,50,39,36,44,38,46,39,39,42,48,44,47,41,50,47,47,45,50,47,55,63,53,47,49,52,45,57,67,65,70,65,58,73,61,61,62,63,74,64,72,57,52,56,54,49,60,60,49,64,68,73,60,60,56,59,54,55,59,66,70,70,57,55,72,77,65,66,63,71,68,68,77,64,75,79,68,78,77,72,78,82,76,58,68,75,82,85,73,88,76,76,65,75,76,81,85,85,90,76,76,69,77,83,85,88,88,86,91,93,88,78,71,80,89,85,93,92,80,86,89,84,80,75,90,93,75,82,90,89,90,75,83,80,80,84,80,83,85,77,83,83,88,70,86,75,80,80,86,75,76,73,78,82,76,64,66,73,82,90,92,94,88,76,74,76,85,72,76,79,74,61,69,73,77,87,79,83,72,64,73,69,76,75,69,66,65,64,64,68,67,59,71,80,63,70,67,52,60,56,49,42,55,58,47,55,60,65,64,69,58,50,47,48,35,47,57,60,57,42,49,62,58,36,53,55,64,65,59,43,47,48,41,34,36,36,37,34,40,50,56,46,38,42,52,51,56,57,54,51,44,55,49,39,31,33,26,29,37,42,38,38,34,41,46,51,54,34,32,32,29,39,41,38,26,26,27,34,30,40,41,38,33,13,28,29,13
,18,36,33,31,18,28,19,11,25,35,40,32,39,39,46,47,25,42,39,38,31,32,39,52,49,19,31,39,29,27,44,43,12,14,14,29,42,41,35,34,27,26,30,32,37,35,33,29,26,35,48,58,32,29,38,36,39,41,33,18,18,36,57,35,34,25,20,28,18,38,47,47,40,43,43,39,47,40,39,51,58,64,59,52,59,56,47,56,43,46,53,51,55,63,53,48,46,56,62,55,48,58,45,40,55,51,50,49,49,38,43,60,59,59,54,50,49,45,50,57,49,41,60,72,73,76,76,72,83,86,70,80,73,60,57,69,60,70,75,80,79,73,62,71,67,67,67,58,60,64,68,72,67,66,59,79,83,76,77,85,68,69,76,75,75,82,86,87,80,89,91,95,86,73,72,82,85,86,90,78,89,78,88,76,78,87,80,82,78,68,73,81,85,70,85,86,86,94,99,89,82,84,88,76,69,79,85,85,78,85,82,76,70,71,73,75,73,74,82,82,79,75,73,83,83,84,80,78,74,72,70,70,76,79,82,78,85,82,85,90,92,91,86,89,90,90,90,89,68,63,69,65,66,76,72,69,62,67,65,56,64,70,70,73,55,52,64,70,76,78,67,56,73,68,70,80,70,56,49,40,51,58,51,51,52,52,63,65,67,69,72,72,65,64,60,67,61,55,47,62,63,55,54,61,50,61,63,49,33,36,44,42,47,48,51,40,41,42,50,49,60,65,63,69,62,69,68,52,58,44,42,37,34,36,40,32,40,55,55,48,48,50,44,53,42,47,42,48,45,27,16,22,27,43,46,47,46,26,34,37,26,41,40,37,19
,27,34,37,22,26,27,25,10,14,0,-6,8,5,22,32,32,24,15,32,46,47,3,17,32,35,43,33,14,11,30,20,20,38,43,32,31,27,25,32,32,27,32,7,8,37,49,49,35,40,49,49,51,44,30,43,38,35,41,54,59,49,49,33,26,30,37,34,37,37,32,30,32,34,30,30,36,33,47,49,36,36,43,40,42,51,35,49,44,27,35,39,44,30,25,45,51,62,60,43,55,50,47,52,52,51,50,48,62,58,61,67,79,60,60,63,50,44,54,69,76,77,76,59,51,54,58,61,53,50,51,55,51,65,74,78,77,67,63,60,63,60,54,66,69,69,60,63,72,75,74,80,84,73,65,73,65,59,61,65,75,83,73,73,72,78,69,73,79,79,86,83,89,91,78,80,82,81,72,68,65,72,83,78,75,78,67,78,72,69,70,77,82,83,87,80,70,70,81,81,83,83,78,75,75,69,75,80,84,70,84,85,78,78,81,78,75,69,78,78,72,79,78,68,67,75,80,78,83,73,78,77,77,75,79,82,79,90,72,72,68,71,64,60,69,78,77,71,81,66,76,68,65,68,62,59,53,58,65,54,53,62,63,71,66,60,58,63,61,69,64,72,72,77,79,72,66,72,64,53,45,57,58,62,71,78,79,77,78,76,60,58,47,55,55,50,67,59,52,45,53,48,50,48,41,44,45,49,47,44,42,47,47,39,37,49,48,38,46,34,48,56,56,63,64,59,34,36,40,36,33,41,47,41,40,33,23,23,30,28,16,20,33,37,35,29,28,30,34,36,30,28,39,37,21,13,16,31,32,17,37,38,46,35,38,36
,36,40,37,30,23,32,23,23,25,23,16,18,13,20,24,32,26,19,18,16,11,26,32,28,27,32,25,9,19,12,4,3,-3,6,16,30,35,32,17,33,45,45,16,10,22,31,31,39,31,34,40,43,41,35,32,33,38,38,31,42,39,19,28,32,36,22,26,39,51,51,38,40,34,48,43,29,29,25,44,32,37,34,37,34,33,29,25,31,46,52,48,52,38,50,58,65,43,37,52,62,55,58,58,63,70,53,53,69,55,57,53,70,58,61,48,49,48,55,69,69,71,75,75,82,82,61,63,67,47,60,67,70,72,64,69,73,60,71,60,69,79,85,80,82,76,68,77,80,82,77,69,57,63,74,72,76,83,79,72,73,81,79,68,70,65,78,82,85,91,87,84,80,83,80,77,76,74,78,85,87,88,90,86,85,93,85,78,84,89,90,94,75,74,77,88,93,89,89,87,77,85,92,97,92,75,80,89,78,78,84,88,92,95,86,85,93,95,85,83,69,80,82,75,75,75,85,87,79,83,85,86,90,92,89,67,72,78,79,71,66,73,79,80,73,71,74,80,75,75,64,62,68,74,76,64,56,68,65,64,76,82,84,72,55,57,64,57,58,60,66,68,68,63,62,62,63,64,58,55,74,74,68,74,74,68,65,59,62,57,48,55,57,58,53,42,51,67,41,41,48,62,68,60,52,50,57,52,43,42,44,48,43,41,46,43,52,52,51,40,48,49,35,30,28,34,30,42,45,34,29,39,42,23,34,29,32,36,37,39,21,24,25,24,27,23,28,27,29,32,24,30,30,15,4,-3,2,11,38,41,16,17,19,27,28,10
,5,21,31,37,34,19,10,14,45,41,35,33,32,26,27,28,24,18,12,14,23,29,25,21,21,23,25,24,34,34,17,27,31,29,24,35,33,35,39,37,40,37,38,36,38,41,21,19,29,34,35,22,18,19,30,45,29,30,24,33,43,42,35,34,41,34,33,25,34,43,32,37,35,29,19,19,27,25,31,42,42,37,22,25,34,27,31,40,35,34,41,46,47,49,52,53,53,44,43,43,52,53,50,47,51,62,52,51,43,44,45,43,47,41,51,47,59,60,54,55,54,61,64,47,62,55,50,48,65,52,64,77,74,70,65,60,50,60,62,54,69,78,69,50,59,65,56,54,72,66,83,76,65,80,75,68,75,82,84,67,65,73,85,87,92,92,76,75,63,69,73,74,80,68,77,73,79,81,74,68,72,87,79,78,69,69,62,78,82,85,76,81,72,72,78,78,72,71,75,78,80,72,78,81,80,78,73,82,79,64,69,77,75,71,76,81,85,84,84,86,89,79,83,77,81,81,74,83,88,90,74,74,68,76,75,70,75,68,80,76,64,67,66,85,84,77,81,85,77,65,61,61,64,59,71,77,76,55,50,62,55,64,60,56,63,59,62,51,57,60,65,70,69,54,60,64,56,53,62,61,64,56,47,45,53,62,72,79,78,78,56,52,58,65,72,68,59,52,50,51,51,61,63,67,68,58,60,60,54,62,60,58,42,28,39,55,40,52,67,60,43,32,33,42,54,44,32,26,33,40,35,34,38,29,31,24,28,37,35,51,52,34,22,33,42,48,29,23,37,43,41,40,33,39,46,34,38,39,38,21,32,38,32,12,11
,5,4,18,33,23,19,29,25,34,25,19,29,28,4,-6,15,10,11,22,34,42,51,51,14,21,21,25,28,22,21,32,27,27,37,39,30,39,43,36,38,39,18,22,31,36,29,37,31,36,33,24,29,37,40,36,48,60,33,26,32,36,27,23,29,33,41,42,33,31,28,45,52,56,57,52,38,33,41,43,44,52,46,38,40,46,46,43,47,38,45,53,49,35,37,40,49,40,41,38,47,47,42,41,38,47,58,56,61,70,76,73,68,76,72,63,78,79,68,68,56,59,50,41,58,61,67,79,80,83,60,67,65,64,64,61,47,56,58,58,45,66,69,74,69,78,72,78,57,70,75,79,82,69,66,75,68,63,58,65,75,78,86,78,82,81,91,90,89,93,82,73,82,89,88,84,80,82,85,86,78,69,66,71,75,84,81,76,82,85,83,66,70,78,83,82,67,75,82,86,88,88,76,74,71,75,75,84,84,78,77,82,85,78,82,87,75,68,70,74,85,83,79,81,65,68,76,75,72,72,78,81,79,68,73,80,82,83,73,69,65,69,74,77,79,74,85,85,64,71,72,63,67,71,77,80,79,77,73,76,71,74,76,69,80,85,66,61,68,59,47,60,67,72,68,56,52,56,62,68,66,66,74,62,49,53,56,60,69,72,68,60,53,48,48,60,59,62,50,34,35,46,45,57,62,51,50,48,44,45,45,53,58,57,35,35,49,54,58,59,54,52,47,54,46,44,39,37,43,31,19,33,49,53,41,36,33,32,25,28,38,45,33,25,28,35,13,22,34,34,41,37,34,48,62,61,43,51,51,32,49,38,39,42,33,40
,44,29,11,5,22,34,35,29,18,28,31,12,27,27,27,26,29,23,8,15,27,39,32,22,31,39,34,34,32,33,33,31,26,18,13,20,23,28,23,10,10,18,23,16,15,13,6,7,5,17,15,32,33,24,41,41,37,38,39,32,37,39,42,40,38,34,27,26,33,40,33,40,38,33,33,37,43,44,38,41,35,39,46,45,42,43,43,51,52,40,42,41,48,49,59,41,37,34,41,49,50,42,56,54,68,74,74,78,62,78,72,70,60,74,58,44,55,48,57,53,70,52,48,58,51,60,50,46,57,56,57,61,51,59,63,59,78,74,71,74,60,64,59,70,66,60,75,80,57,72,72,78,66,66,75,75,57,68,65,66,57,73,70,71,64,67,57,55,68,74,71,70,70,72,78,77,72,71,77,84,79,90,86,78,73,67,81,78,70,78,82,73,68,80,86,85,81,73,76,70,64,75,80,79,87,86,86,79,75,83,82,79,79,85,87,78,79,86,85,78,76,79,78,82,84,83,81,75,78,64,73,80,77,76,71,76,75,72,77,79,81,86,88,70,65,74,73,75,78,72,69,70,67,55,65,57,71,86,75,61,60,62,64,66,70,75,73,79,74,55,53,64,61,61,58,61,64,58,51,62,65,75,76,54,41,43,52,53,76,62,50,56,52,60,60,56,55,46,45,44,48,42,43,54,44,43,47,54,55,54,46,46,50,39,43,51,51,55,62,44,49,61,62,51,49,34,42,41,28,45,34,32,35,18,23,26,26,37,41,34,22,14,15,10,15,9,14,23,27,21,21,26,36,9,7,21,36,17,4,24,31,36,40,33,17
,32,37,38,37,9,6,11,16,15,10,20,27,29,28,34,24,24,15,28,30,45,53,22,18,26,7,22,29,37,42,22,3,15,35,41,37,31,29,30,20,26,15,24,41,33,30,34,37,25,15,8,20,10,21,20,23,33,27,42,41,41,41,41,34,42,37,23,27,22,28,25,30,39,45,38,35,23,46,56,46,28,30,39,36,41,32,27,39,47,54,59,62,48,50,54,53,45,58,45,51,46,40,49,57,56,66,58,61,55,46,49,62,67,70,72,64,54,59,62,60,52,58,62,64,72,81,82,56,72,75,82,74,73,61,49,52,55,63,73,83,87,86,56,56,74,79,85,82,88,78,70,64,67,78,81,87,75,63,86,90,89,86,80,77,56,49,60,61,56,65,80,75,74,72,73,79,79,84,80,93,76,78,73,76,85,84,78,67,85,88,85,87,86,84,83,84,83,88,89,80,79,85,86,92,89,76,86,89,94,94,96,88,82,73,79,85,70,79,82,81,81,78,83,86,86,86,95,89,87,84,79,87,84,74,76,67,83,87,88,79,82,80,80,88,83,85,83,82,84,84,86,90,85,60,69,64,54,46,54,55,54,64,70,75,75,82,74,66,74,74,81,80,70,67,54,64,77,66,63,61,60,70,63,64,56,48,47,50,54,53,43,42,52,42,50,61,71,66,55,48,38,37,44,50,47,45,41,51,65,66,41,37,41,48,54,49,47,67,34,43,44,30,29,29,37,34,47,50,53,38,44,34,27,30,30,37,41,44,46,49,47,37,39,35,33,35,31,26,37,43,43,37,28,17,12,7,12,18,32,32,28,28,31,24,28
1960,24,37,40,33,27,26,23,38,5,3,8,20,19,30,35,29,24,24,30,24,24,25,26,24,27,32,27,30,28,20,20,28,22,26,29,35,41,39,27,37,42,48,35,17,21,26,35,40,45,40,31,25,25,26,32,33,39,31,30,20,22,13,27,31,29,29,24,23,15,17,25,28,33,35,37,33,38,36,38,32,28,29,34,21,30,41,41,47,49,57,34,50,48,57,41,37,46,45,47,38,51,51,48,65,66,68,76,66,50,54,67,60,57,53,54,50,54,57,63,72,56,58,73,80,80,81,82,77,72,67,69,61,70,63,60,66,72,75,73,79,81,61,59,59,71,78,83,83,81,76,68,72,78,81,84,82,71,65,65,72,78,81,76,82,75,63,80,88,66,73,66,77,80,80,76,73,82,83,87,83,82,77,78,74,73,65,68,76,80,79,85,90,91,81,71,79,83,72,83,80,74,78,78,85,77,81,85,80,85,90,72,76,80,80,78,74,67,80,83,82,71,71,78,81,81,82,66,77,81,84,85,76,78,84,72,67,73,81,83,86,90,80,84,82,68,70,60,67,75,85,92,85,72,63,58,71,66,63,62,64,68,65,66,61,74,69,72,68,73,69,72,68,72,52,58,60,55,63,64,57,62,60,60,59,59,56,61,62,56,65,55,51,45,42,53,51,50,45,51,59,62,59,58,52,53,53,50,45,40,36,35,41,44,50,38,42,48,55,56,59,56,47,43,43,50,53,50,43,45,51,50,36,54,38,29,34,37,40,49,53,50,26,25,30,11,9,10,23,33,37,26,26,28,24,31,22,13,15,32,39,19,15,23,34,34
,16,22,17,13,16,36,43,37,18,18,36,20,36,41,16,19,38,37,1,1,9,13,12,6,8,6,7,16,19,10,13,-2,-2,8,19,22,30,20,33,36,32,21,19,28,39,32,16,33,36,46,27,34,45,40,39,46,33,43,37,34,39,53,38,39,34,40,30,24,18,24,30,31,31,38,33,11,29,32,24,32,46,49,39,36,42,55,69,46,36,42,43,43,37,45,46,46,41,33,48,37,34,46,41,32,49,42,49,45,45,57,67,55,63,50,48,52,54,62,47,47,59,45,43,55,49,61,58,71,83,61,69,74,82,86,88,75,55,61,50,60,60,63,59,66,82,46,49,70,58,50,65,75,75,68,70,81,71,71,74,74,77,72,86,88,66,61,73,80,81,82,74,73,77,81,76,78,70,77,82,86,79,74,71,81,66,71,73,80,71,73,73,79,86,86,75,73,73,82,83,82,85,82,84,85,90,85,82,83,86,83,83,73,72,75,77,82,86,84,79,85,86,91,77,80,67,70,82,66,73,81,85,81,63,63,75,81,80,76,83,77,68,80,80,88,85,88,88,84,73,78,79,82,85,86,78,74,84,76,64,64,71,75,77,68,79,85,84,81,80,70,64,56,67,71,66,52,44,57,72,74,70,74,73,72,70,74,65,40,44,60,73,73,56,54,53,52,53,62,56,42,51,55,60,54,45,48,65,64,53,55,49,44,34,30,34,51,56,56,48,47,51,39,33,36,32,34,43,43,42,42,41,26,27,30,30,36,35,43,47,40,37,33,26,36,40,37,38,31,29,15,25,32,31,32,26,20,19,17,25,28,35,34,22,16,23
,26,18,30,31,27,29,41,38,29,17,18,19,23,33,45,38,25,16,15,18,27,40,34,32,39,37,39,9,3,26,0,-6,15,31,38,47,34,12,23,20,13,5,11,24,29,24,27,30,14,24,27,21,33,36,19,19,35,39,37,33,9,14,18,31,37,37,36,41,35,43,37,34,40,41,40,39,35,34,44,42,43,33,44,41,39,48,53,61,72,42,32,36,34,45,56,61,55,56,61,43,51,57,42,40,39,42,45,51,53,59,66,65,62,43,56,66,84,87,64,49,60,54,61,50,60,58,52,49,58,61,60,65,71,57,71,80,80,89,89,84,67,68,73,77,67,68,63,74,77,83,78,82,62,69,79,67,71,77,75,82,80,79,70,76,78,86,89,90,68,81,67,77,78,79,80,78,76,75,83,89,87,73,73,74,77,68,71,77,92,83,77,80,84,75,72,72,71,80,78,78,81,82,74,70,74,81,78,64,82,70,80,80,80,75,82,81,80,85,73,66,64,63,61,77,76,72,76,81,76,71,71,85,79,71,75,77,80,82,85,76,76,80,87,84,71,75,77,64,61,71,75,76,81,71,66,78,78,67,63,68,66,61,50,53,52,61,62,65,58,55,58,60,59,60,64,73,62,58,55,52,54,57,54,55,70,50,52,58,66,65,57,64,65,49,51,58,45,41,40,43,51,36,42,42,40,46,38,36,34,30,41,51,51,45,40,33,33,33,33,41,36,34,32,39,43,43,36,34,33,40,46,50,56,53,52,51,47,55,48,49,39,36,39,31,25,18,15,15,13,20,22,24,37,26,13,23,34,32,24,35,21,27,31,22,5
,8,22,25,26,28,31,32,35,35,39,30,32,34,19,15,11,26,34,32,39,31,22,23,6,10,17,19,14,17,23,15,21,31,32,14,23,30,19,0,21,28,28,22,23,23,19,5,23,37,37,36,28,9,15,27,24,14,18,26,25,28,34,33,33,34,33,35,35,33,25,35,35,34,29,36,38,38,28,34,34,31,32,47,51,61,50,42,46,54,43,60,51,49,47,36,47,47,45,46,35,44,54,50,50,56,61,63,64,54,67,67,47,46,43,47,47,53,56,69,54,52,54,68,77,60,61,63,65,76,51,40,57,66,68,66,72,77,63,71,59,67,61,51,62,71,76,77,74,68,72,79,85,87,86,88,87,83,76,78,73,68,58,59,76,81,64,71,76,80,81,74,64,64,80,89,88,91,90,87,85,90,94,96,73,72,76,75,71,70,67,68,78,85,89,84,74,78,84,82,83,84,82,82,85,93,97,94,95,93,97,70,80,80,77,84,77,75,83,82,78,81,70,69,72,59,60,74,66,73,64,71,74,83,82,80,60,66,72,71,76,64,76,70,71,76,80,61,68,70,74,78,77,65,75,70,55,64,70,70,75,78,71,57,60,60,53,61,70,74,64,52,50,55,64,75,69,52,64,75,83,58,50,66,64,53,55,70,74,76,63,78,80,78,57,60,65,75,80,75,68,61,42,41,50,50,45,42,53,55,53,53,54,48,46,44,46,41,39,42,42,52,56,39,46,48,58,60,40,32,42,51,43,49,51,20,27,22,23,23,32,33,39,41,32,23,19,20,28,15,12,14,16,12,7,6,16,15,27,30,17,1,16,22,18,13
,22,34,40,41,22,36,39,30,37,37,20,5,3,11,20,26,25,37,37,43,38,37,40,39,50,36,32,27,23,27,35,34,32,16,32,37,37,35,36,18,15,25,32,34,29,30,24,18,35,25,29,20,17,30,30,25,32,19,31,41,48,55,52,58,35,52,35,41,24,23,30,32,43,43,33,41,30,31,36,50,45,35,48,45,36,33,41,43,32,29,33,40,32,27,37,44,53,50,39,54,53,65,70,59,63,54,66,65,48,41,57,45,55,47,49,65,74,73,68,70,71,71,72,76,81,78,86,79,80,59,67,71,75,56,69,77,72,68,76,64,63,81,90,87,66,73,70,57,57,65,66,65,68,68,63,63,76,72,77,82,81,73,81,77,73,67,60,70,76,88,93,85,84,90,81,74,80,74,77,80,93,84,81,80,80,70,74,79,80,77,80,86,83,72,80,80,83,85,93,85,82,90,87,82,74,78,78,88,96,87,74,73,76,72,76,79,63,70,85,80,66,74,86,83,67,68,65,79,77,71,71,67,71,61,81,77,81,72,75,79,82,85,82,68,71,73,74,72,70,73,80,75,79,74,57,64,68,57,58,66,63,66,68,71,75,82,72,56,69,70,55,53,61,61,65,67,72,51,58,44,55,62,49,45,55,51,52,73,75,71,66,50,52,51,45,42,40,60,66,66,64,64,48,46,52,47,47,48,40,42,48,55,53,40,48,66,61,44,37,47,38,43,35,47,39,30,36,36,48,60,47,42,46,26,19,23,28,24,23,17,15,24,23,22,38,44,44,43,30,28,39,30,22,22,22,33,38,46,62,55,50,23,23,36,36
,17,11,27,26,32,33,26,40,48,21,27,37,35,26,-6,-6,-1,13,17,29,25,34,9,25,32,34,37,23,10,13,19,22,23,17,14,15,34,44,48,31,34,40,40,41,20,34,40,29,33,17,12,31,31,18,28,46,43,22,29,29,41,48,51,51,43,43,44,39,41,29,31,37,36,33,36,35,39,39,26,24,28,28,31,34,35,32,32,25,31,28,35,37,41,46,53,50,47,45,50,53,53,47,39,56,57,52,42,45,51,59,61,53,40,43,58,47,46,62,67,71,68,61,78,75,65,66,62,64,79,70,74,76,62,63,77,84,72,57,73,70,74,73,63,69,80,86,85,73,64,62,65,65,68,61,69,82,85,92,83,84,78,73,73,59,56,63,74,72,71,81,87,86,82,83,69,67,74,82,90,87,70,76,83,75,77,82,67,78,79,86,78,76,77,87,80,80,84,73,64,73,67,76,75,72,84,75,78,79,74,70,74,79,82,70,68,72,83,91,90,78,84,81,71,83,80,86,91,82,87,84,71,71,71,71,70,74,69,69,77,77,58,59,59,65,70,73,77,74,72,75,70,73,83,72,66,62,61,66,65,66,60,65,79,85,88,83,69,62,67,48,53,52,61,65,58,53,39,37,47,59,60,57,62,54,58,51,55,64,53,53,62,73,76,70,51,61,46,46,55,41,36,39,52,60,42,31,52,58,38,52,41,47,45,36,40,46,49,43,35,46,46,30,30,33,38,32,30,34,36,38,42,39,31,33,36,37,41,45,35,31,24,30,34,38,25,30,37,36,39,39,36,34,30,17,27,36,40,47,46,22,19,25,34,42,56
,56,29,38,30,36,37,34,12,11,35,30,1,20,21,21,10,18,22,26,31,28,27,28,27,20,1,11,10,15,26,15,22,24,26,28,26,16,16,24,36,44,51,43,36,38,25,33,33,19,3,6,12,22,25,30,30,35,39,40,43,40,42,38,41,35,31,24,33,40,26,29,34,40,38,32,41,56,53,44,46,49,51,54,37,40,23,21,33,36,39,39,41,43,43,45,48,49,43,42,44,47,49,49,55,60,58,58,56,65,50,69,55,61,52,60,42,39,38,58,66,62,50,62,51,63,54,43,53,43,44,52,51,51,67,75,62,60,64,62,73,73,74,80,84,76,81,85,68,70,59,61,62,69,78,76,80,85,77,69,65,62,63,75,84,86,77,62,73,76,81,85,71,79,87,87,84,84,91,86,88,80,85,91,98,83,81,84,84,81,85,89,87,84,91,80,75,81,87,83,74,73,69,81,87,88,89,76,76,71,73,77,82,88,77,70,82,83,82,88,90,91,84,84,74,73,77,72,82,74,85,80,73,74,64,78,69,73,73,73,72,79,86,74,80,81,68,61,73,68,68,73,77,78,66,69,72,66,61,62,70,75,59,65,59,61,59,54,57,57,58,60,61,58,52,58,61,65,57,54,66,72,74,66,56,48,53,60,67,59,47,42,46,46,56,62,64,60,57,54,58,64,58,37,48,62,66,68,41,41,40,44,56,57,65,63,48,43,38,35,39,47,55,40,36,37,46,50,46,57,53,48,61,57,37,37,22,16,15,31,32,43,56,61,61,61,26,30,34,28,34,43,44,16,27,30,24,21,24,18,22,17,15,31,29,25
,30,32,35,35,32,17,39,40,33,29,26,28,36,39,40,21,34,24,15,24,41,41,46,48,49,44,29,31,21,16,22,32,31,9,33,35,7,-5,14,26,32,35,1,4,37,41,42,9,6,11,30,30,30,30,23,10,18,30,35,13,29,38,30,26,29,29,24,33,48,48,31,37,37,34,26,12,10,23,32,35,35,37,37,39,44,52,45,48,43,61,69,65,60,41,58,39,35,48,58,49,34,35,59,59,48,43,51,40,45,49,51,62,47,44,46,56,57,55,55,62,81,72,52,57,53,54,54,43,42,47,50,53,57,59,47,50,66,60,74,59,55,56,61,69,55,55,58,65,61,64,66,80,84,87,91,89,86,84,66,87,82,84,69,75,65,80,90,80,72,73,72,78,74,80,83,83,78,82,83,78,67,85,85,79,74,68,73,81,82,75,79,82,83,83,78,72,73,80,81,85,85,84,81,83,85,82,80,85,72,84,83,80,76,82,79,78,77,77,79,81,75,76,67,75,76,77,82,84,85,84,71,77,77,70,67,75,79,77,79,78,81,79,58,66,62,71,71,79,70,70,81,75,56,60,69,73,74,76,79,80,80,69,78,74,65,51,51,53,69,74,75,74,68,56,65,77,66,67,54,45,54,62,55,57,49,52,52,61,64,63,70,63,47,55,49,57,64,64,51,54,51,39,44,55,64,58,56,53,42,39,38,37,35,40,49,50,45,33,33,23,32,36,36,28,28,36,40,38,36,46,43,31,25,24,22,32,36,27,35,26,32,41,32,24,34,47,46,37,30,26,31,40,46,42,45,49,30,17,37,35,21,27,24,20,24
,24,10,20,25,17,19,9,-9,-7,-4,-5,6,13,32,31,7,13,29,38,35,33,33,33,16,3,14,30,24,35,35,33,37,46,37,25,19,25,19,7,16,15,4,12,8,20,17,20,28,12,11,8,0,19,15,21,20,25,29,36,30,30,12,29,27,21,19,40,47,42,40,30,24,26,38,46,41,40,56,51,51,42,41,30,34,51,55,60,66,56,67,60,48,52,61,60,42,57,57,53,51,54,67,79,84,68,55,61,62,64,58,68,68,68,55,49,46,43,53,59,67,53,58,60,51,53,53,53,68,67,63,67,61,68,74,74,75,59,61,56,52,58,63,63,68,60,59,65,74,60,76,65,73,62,70,72,81,81,73,77,63,60,66,75,66,75,78,60,66,73,67,56,69,67,67,64,71,63,60,56,75,82,90,80,73,73,77,69,75,84,85,68,79,82,80,88,90,92,88,90,88,74,82,87,79,67,79,80,82,76,66,70,80,76,79,82,83,82,73,74,81,76,72,66,76,79,84,70,71,78,64,72,79,75,61,75,82,88,68,60,65,69,69,75,80,78,69,74,78,64,74,73,78,75,68,67,58,64,72,76,77,80,80,80,83,78,73,78,71,67,62,63,57,64,76,80,73,55,50,52,50,47,55,60,62,64,62,69,71,74,75,75,66,64,50,55,60,55,49,45,50,50,45,39,37,44,60,50,48,47,40,42,35,35,37,37,33,32,32,34,33,27,36,39,31,32,38,41,47,41,30,31,35,39,25,31,35,34,39,38,33,31,25,14,6,23,38,43,43,26,11,19,28,24,31,28,29,33,30,-1,-6,5,28,34,12,28
,24,15,18,20,17,28,27,26,22,21,14,19,23,24,21,17,30,37,40,27,36,41,43,40,38,17,11,9,27,33,36,31,32,31,27,11,22,20,25,23,21,24,31,25,14,17,21,28,25,30,32,33,26,33,33,28,31,27,26,30,29,29,25,15,21,19,27,31,25,20,22,30,37,37,36,36,36,41,39,40,36,43,48,40,37,33,40,40,27,25,37,37,34,55,51,43,58,45,58,57,45,48,63,69,75,61,58,50,34,42,56,50,52,40,56,53,77,48,46,55,58,67,64,62,53,58,52,63,65,50,57,57,54,55,60,78,81,59,68,71,54,63,54,65,62,51,64,73,74,76,65,77,84,72,61,74,66,72,66,74,80,82,87,85,85,67,66,74,74,76,67,69,76,62,62,66,80,86,88,74,80,77,74,72,80,80,66,70,78,79,71,82,79,73,77,88,94,91,87,80,79,81,79,83,83,76,70,77,80,80,81,84,84,83,83,74,77,83,82,81,79,71,75,76,82,84,85,86,81,87,76,68,68,73,81,86,81,65,69,78,73,81,87,87,71,74,78,79,81,72,68,65,61,64,74,67,74,79,78,70,57,56,62,65,67,73,71,50,55,62,58,54,60,63,64,61,51,60,67,67,70,62,69,73,68,64,64,54,58,54,55,57,60,43,34,30,37,47,51,53,37,44,45,53,51,50,56,55,44,48,55,53,49,44,41,46,47,42,45,32,41,49,56,35,28,29,37,31,36,39,31,32,36,31,27,18,32,23,24,23,25,33,37,33,48,41,35,32,27,23,21,21,24,22,27,27,12,5,9,22,21,24,24,21,10
1970,9,16,14,8,17,22,11,10,12,12,11,11,11,7,1,25,26,16,2,5,0,-1,10,7,19,20,21,35,41,31,25,39,44,44,2,24,31,36,38,33,40,44,19,12,12,21,21,30,40,37,22,25,39,27,21,22,5,26,28,28,28,26,36,33,31,35,34,25,27,30,35,26,29,31,30,34,39,43,44,36,45,35,37,39,43,38,41,28,27,38,42,38,39,38,38,45,47,59,64,43,36,48,54,57,54,58,68,48,46,42,48,49,56,48,57,73,80,71,68,80,83,74,53,68,67,45,50,55,57,80,70,60,55,62,62,62,59,58,75,66,76,70,65,57,55,67,61,58,69,74,82,83,89,75,69,74,66,70,82,86,87,82,74,63,74,81,77,81,81,80,57,74,73,80,84,71,70,56,70,70,66,75,71,80,78,70,80,82,85,86,83,78,77,73,77,74,79,82,79,71,86,74,80,85,88,88,90,92,90,90,94,83,86,88,79,73,79,81,84,86,89,90,85,82,88,90,92,91,82,76,84,87,75,71,63,73,77,84,71,70,72,65,68,63,68,65,81,73,61,65,70,68,77,70,73,69,61,52,73,61,60,70,73,73,86,75,75,81,81,76,61,55,55,53,62,60,55,54,62,75,77,79,74,65,67,63,71,63,47,42,57,47,55,55,60,63,55,54,54,48,50,54,55,54,59,61,50,49,43,46,52,45,53,57,58,60,50,40,39,38,42,41,42,49,48,49,47,25,28,37,43,38,39,45,43,56,47,31,21,25,17,16,34,34,16,12,24,17,14,23,25,28,31,28,16,1,16,25,13,16,21,15,15,8,15
,10,24,30,35,39,28,23,5,10,26,30,24,2,23,17,4,3,-2,0,4,24,29,34,33,40,37,17,5,15,26,14,6,-2,5,16,32,34,28,36,34,16,31,39,40,27,24,20,30,43,36,34,30,28,31,28,33,41,42,40,35,30,25,24,30,31,32,28,24,27,33,33,38,41,47,43,33,29,34,32,33,35,29,26,26,28,32,34,40,37,32,43,46,44,36,36,39,39,34,49,47,47,57,60,38,39,34,42,52,56,55,52,42,41,57,42,48,52,56,46,53,55,56,50,45,60,64,66,69,63,74,81,74,53,54,72,71,62,81,90,86,63,61,54,61,72,59,57,66,76,82,61,69,76,73,75,64,71,88,78,68,66,77,77,79,74,68,79,84,88,86,90,75,77,80,76,73,76,76,75,84,92,80,76,72,84,87,76,85,86,89,84,74,77,79,73,78,83,83,75,74,74,81,86,88,80,82,88,79,79,72,80,80,83,83,74,72,74,83,79,86,90,85,83,72,82,86,64,74,84,87,89,81,73,81,62,67,66,77,67,66,79,76,68,72,76,82,85,86,83,81,85,75,78,81,72,71,72,80,72,68,66,69,70,65,68,67,60,63,66,63,64,74,69,73,79,63,64,70,70,53,57,54,57,58,54,57,71,72,66,56,65,64,58,67,70,58,62,60,60,62,73,65,65,55,60,68,63,49,43,56,52,32,28,33,33,36,33,35,36,38,44,50,55,48,36,34,27,31,31,32,34,36,34,32,23,18,29,24,17,35,35,37,37,41,51,43,41,30,41,50,34,23,16,34,38,28,29,41,30,36,32,43,35,23,14
,26,35,36,30,16,13,29,25,38,44,49,37,47,33,20,5,26,41,45,31,31,36,44,37,43,15,19,25,28,27,26,25,18,31,33,17,22,14,14,29,30,31,35,40,39,47,36,22,34,29,13,22,25,6,17,18,16,30,39,41,53,21,21,30,21,44,44,17,22,29,37,28,31,33,39,39,33,24,28,43,42,35,28,28,27,27,34,43,41,46,49,43,40,38,38,36,24,28,42,47,40,50,41,43,39,48,56,49,50,45,46,49,52,46,40,47,45,56,59,73,72,50,54,54,49,60,55,56,55,57,50,63,78,68,68,68,73,75,74,69,81,76,85,74,71,73,81,85,87,78,72,67,60,78,68,71,76,68,63,63,48,60,68,75,81,88,76,70,80,78,83,79,82,73,64,66,69,73,79,81,70,79,87,73,68,66,73,77,77,81,72,82,92,86,81,92,84,86,89,82,85,87,78,77,81,79,73,74,73,76,79,81,81,72,77,64,73,73,77,71,78,65,73,69,73,62,71,71,68,69,76,73,81,84,81,84,87,79,80,79,77,77,83,85,81,77,62,71,72,79,67,66,67,72,69,69,69,68,74,83,75,67,62,69,62,60,59,74,74,70,60,60,71,52,58,68,73,71,73,58,58,45,46,58,52,43,49,42,51,53,40,39,39,47,45,54,47,40,50,59,56,55,34,37,44,53,55,35,37,41,47,48,40,42,44,42,45,35,29,28,32,37,36,31,29,23,26,37,36,42,40,43,36,32,34,30,38,14,38,49,32,30,32,29,26,29,43,29,19,28,10,29,32,18,30,33,33,37,34,35,32,21,16,30,41
,43,34,25,38,37,19,4,-2,15,22,23,13,24,30,33,39,45,49,52,45,22,40,42,38,32,37,32,31,30,18,5,22,43,46,36,37,29,35,35,14,18,0,5,22,31,31,18,-2,17,30,40,37,28,28,25,16,21,5,21,41,31,41,46,37,41,51,57,40,42,47,55,47,38,49,53,53,40,37,31,33,37,41,53,55,50,38,53,54,61,65,55,44,44,50,40,46,45,40,41,36,31,36,37,50,62,75,70,74,68,67,73,80,66,62,58,59,49,65,46,53,61,75,75,52,48,57,63,70,57,76,65,59,53,51,60,63,71,52,48,69,52,59,69,70,67,65,69,63,72,69,67,68,58,71,67,81,85,81,85,83,80,88,86,74,75,59,53,65,67,75,84,83,80,80,83,80,85,85,85,81,80,83,85,85,83,83,80,88,94,86,78,71,69,76,80,75,78,79,82,85,73,80,80,80,88,87,82,86,90,79,84,87,83,81,81,82,85,76,84,84,87,89,80,81,79,80,75,79,83,85,81,81,82,69,70,71,78,76,86,85,87,91,88,85,88,88,82,90,77,68,63,57,65,72,63,65,60,60,58,56,54,63,55,55,58,64,53,65,68,71,66,63,60,67,61,65,69,62,58,59,63,67,56,60,68,71,64,59,48,47,48,50,46,49,58,65,63,62,65,55,43,49,55,53,50,54,45,39,38,33,38,41,38,33,36,41,48,61,45,34,33,37,32,29,44,55,50,45,51,35,46,54,51,41,36,29,42,49,61,57,39,30,42,42,36,32,35,38,25,18,18,11,11,38,45,18,27,13,35,45,40,39,40,40,26
,30,22,22,28,24,24,27,18,5,5,12,16,12,26,37,10,-6,16,21,22,37,38,42,38,37,44,51,43,35,44,51,17,7,5,7,5,19,15,16,18,20,26,26,44,22,16,27,31,25,34,35,35,40,38,21,19,28,35,44,45,33,40,50,52,55,63,36,32,34,34,25,25,34,39,38,35,34,36,27,30,34,48,43,24,42,43,29,32,40,37,40,44,66,73,56,40,50,35,27,37,46,44,49,71,55,47,64,56,43,54,72,74,64,45,52,51,70,82,72,72,60,50,58,49,54,50,51,55,60,54,55,58,52,73,85,64,62,64,57,58,63,80,55,64,63,55,58,63,57,65,73,74,74,74,78,86,80,80,83,86,93,73,70,76,71,83,77,80,76,75,81,73,75,73,74,73,61,70,77,73,76,79,79,78,90,81,79,84,86,91,81,75,78,87,90,76,75,78,80,80,74,79,81,81,73,76,79,79,81,86,79,79,81,82,84,84,75,78,81,81,75,78,81,85,86,78,75,80,81,79,80,82,87,86,81,81,74,80,83,77,67,72,78,71,73,55,62,70,69,71,76,79,68,79,76,82,65,68,64,70,57,71,74,60,57,49,53,55,61,74,70,75,58,49,40,43,51,62,75,67,47,53,54,53,59,46,61,62,48,50,40,41,34,40,57,59,49,50,50,50,51,63,64,68,68,42,50,52,45,44,50,45,36,41,58,58,54,48,42,41,38,49,47,45,45,24,37,47,47,27,27,28,23,28,23,33,31,27,27,33,43,53,49,34,40,38,39,35,27,35,35,35,35,31,35,29,37,40,29,20,35,36,35,36,32
,30,30,30,37,25,29,35,38,39,42,52,43,35,26,23,28,16,36,38,14,28,30,32,42,39,38,22,30,39,23,24,21,23,19,15,25,30,30,25,21,14,20,11,14,15,27,37,35,36,39,35,39,45,44,39,39,37,32,35,35,31,28,35,34,38,42,35,22,32,36,41,42,27,31,41,39,48,52,50,31,38,44,38,54,34,19,31,36,39,32,32,42,36,31,32,33,29,29,32,38,40,41,40,47,52,55,60,60,66,46,40,53,62,60,48,49,51,47,60,62,67,55,66,59,61,68,66,68,73,74,78,77,76,79,81,72,72,81,85,91,88,89,91,79,75,71,80,76,78,68,83,77,72,62,66,70,60,55,59,62,77,81,67,78,84,80,73,84,88,80,75,82,88,93,89,79,86,87,82,86,85,86,92,85,85,87,91,91,91,85,85,85,78,82,82,83,85,91,94,91,90,82,84,87,88,81,76,81,84,80,89,92,98,99,92,80,87,66,73,80,86,89,83,84,85,82,79,84,75,80,75,75,78,68,75,65,86,88,81,77,68,64,70,71,64,58,71,73,73,65,76,66,65,77,69,60,57,64,64,62,68,63,76,72,68,62,56,56,66,67,63,73,70,73,58,59,56,66,68,52,61,58,58,56,53,55,62,57,60,49,49,52,50,66,65,68,68,70,58,60,65,56,43,40,52,62,66,64,58,59,68,71,64,64,57,53,50,42,39,40,47,53,43,42,50,44,35,36,27,30,39,40,35,54,58,34,32,24,43,49,22,29,43,45,39,26,33,48,54,26,31,30,5,1,10,15,20,2,21,31,24,20,17,35,38
,30,22,33,31,6,22,30,30,13,11,4,7,31,40,25,32,28,-3,17,27,30,27,-5,1,14,47,50,28,31,24,18,36,34,18,33,11,14,14,28,25,41,41,35,46,26,38,47,38,34,42,32,44,45,17,37,52,54,48,32,38,21,32,39,57,52,32,24,32,38,35,33,43,37,38,21,21,21,46,64,60,35,45,61,56,54,71,52,46,61,63,53,56,51,45,56,54,42,42,42,58,55,35,58,62,77,78,82,91,91,71,76,71,55,55,42,41,44,50,61,63,65,66,57,49,67,65,44,53,62,73,73,53,68,71,71,79,79,63,43,49,55,55,61,60,63,63,77,83,79,78,82,63,69,73,75,81,81,77,89,81,89,80,64,74,80,89,88,79,84,86,85,79,85,89,86,76,84,76,91,80,74,86,80,75,79,90,94,84,82,78,83,83,68,66,68,80,79,73,75,85,86,74,74,80,80,70,75,81,76,74,72,78,71,67,74,81,82,70,62,77,72,71,84,84,74,80,79,66,75,74,78,83,87,88,77,72,82,80,80,80,78,58,66,63,62,68,66,68,64,66,68,73,70,60,69,79,81,80,75,72,76,79,70,58,59,59,59,62,58,57,52,62,57,66,66,66,67,70,70,71,50,45,43,49,55,60,52,56,56,44,38,41,46,48,47,45,40,39,34,34,38,50,53,49,34,41,45,50,40,37,41,30,28,34,32,33,39,40,40,42,44,42,48,37,32,35,35,33,33,50,58,45,33,20,23,29,11,15,28,33,39,13,8,40,40,35,32,28,36,38,30,27,31,41,34,20,27,24,28,28,13,9,12,16,13
,21,25,22,29,27,23,28,21,13,26,15,11,6,15,21,21,6,4,20,29,24,12,13,28,30,26,21,18,10,13,13,21,15,28,28,22,16,12,21,27,28,40,37,37,34,27,13,16,24,29,28,24,26,25,37,38,37,45,37,30,33,39,35,41,37,36,41,54,57,56,62,54,47,48,46,36,30,38,44,47,44,33,31,29,40,52,63,70,80,58,44,46,54,42,43,42,37,38,38,46,65,66,77,49,53,58,62,69,77,74,83,72,53,48,45,56,65,55,52,68,77,68,55,68,77,84,55,55,53,54,69,74,63,60,67,85,90,79,79,82,91,93,91,84,84,74,71,62,65,75,84,71,83,57,76,71,66,57,51,71,64,64,62,77,79,78,84,77,73,82,82,74,68,78,87,75,78,87,90,80,83,87,73,80,79,82,71,79,66,82,74,82,74,88,79,92,90,90,85,94,99,87,67,75,80,76,67,73,80,81,72,81,81,81,80,86,82,80,81,81,73,69,84,74,81,77,75,69,75,68,71,65,73,74,74,66,67,73,82,90,92,74,80,84,77,73,75,74,68,66,70,77,78,61,65,61,66,64,62,68,73,73,55,55,55,60,57,55,63,64,61,57,54,58,55,48,60,67,61,45,51,57,56,60,55,50,46,42,54,48,53,58,50,61,57,47,54,65,70,67,55,52,53,57,57,64,70,63,52,56,52,52,57,62,51,45,33,31,42,58,57,44,41,38,46,43,39,45,41,40,20,35,30,35,45,45,37,34,24,25,22,17,34,17,5,8,22,34,30,32,29,23,32,34,40,35,35,40,42,25,19,18,20,28,23
,12,19,21,24,29,19,29,39,55,10,16,14,17,16,15,22,19,21,18,13,12,24,31,32,36,53,28,21,14,13,18,21,11,4,6,6,12,22,20,21,15,20,25,21,13,21,26,32,26,19,21,21,18,33,31,29,27,24,21,15,20,21,17,13,21,17,26,39,40,40,41,43,46,45,31,25,34,43,35,54,43,44,39,31,33,39,44,42,40,43,51,41,36,44,44,41,37,35,32,45,47,47,64,44,41,47,50,55,52,45,42,48,52,56,52,58,61,60,60,38,39,49,51,53,63,63,68,75,70,61,68,71,76,74,57,71,66,63,80,86,64,70,79,80,82,89,90,92,89,90,90,70,84,71,66,61,76,83,81,72,68,85,87,76,59,69,73,72,75,77,67,80,73,65,71,80,79,82,80,80,68,67,67,77,80,83,87,91,90,85,81,67,81,83,82,80,81,78,85,84,89,88,84,91,78,84,80,84,73,71,66,73,75,83,84,76,79,78,82,87,81,78,80,71,82,86,90,87,80,76,84,76,72,81,81,62,66,70,68,69,76,76,71,74,79,72,70,70,82,70,65,57,61,67,62,59,68,66,70,57,58,65,73,81,58,63,69,57,55,67,58,60,66,62,56,60,53,63,62,57,43,48,61,69,66,64,47,39,41,44,47,50,51,62,71,64,39,56,57,50,56,45,47,58,45,59,58,62,61,64,49,48,54,48,53,38,41,56,47,43,45,56,47,32,23,27,32,37,32,18,19,36,36,42,35,35,28,47,41,40,40,43,32,21,22,29,36,36,35,41,37,20,20,23,36,30,36,33,33,30,24,17,16,31,38
,50,51,22,15,16,22,25,24,19,15,3,12,26,36,17,18,10,4,3,18,32,25,26,37,38,35,37,36,36,28,21,16,14,16,17,16,7,10,11,9,-4,-7,5,-3,-2,0,0,-4,5,22,31,39,39,40,43,36,29,25,41,35,39,42,48,53,43,44,38,45,44,39,26,42,48,30,29,37,36,45,44,54,62,68,66,64,41,34,42,47,53,59,42,43,46,46,44,38,34,42,35,43,46,50,56,42,44,44,51,49,51,57,66,63,65,64,74,72,73,58,61,65,53,57,60,57,49,58,61,85,92,78,76,79,68,70,79,66,66,76,79,80,77,63,71,58,57,66,66,70,65,65,72,73,82,79,82,81,68,81,82,80,85,73,55,67,75,86,89,89,71,75,80,82,75,67,56,65,77,79,78,79,71,81,76,76,69,65,72,78,84,85,85,82,87,92,92,91,87,77,79,85,86,88,89,89,92,93,79,81,83,85,88,89,80,89,84,87,87,73,76,81,69,63,68,64,68,76,60,68,72,67,65,74,78,75,82,76,82,76,67,78,80,85,69,81,80,79,71,84,74,66,58,62,70,58,65,77,78,63,69,75,75,64,57,63,62,56,66,66,69,71,65,68,70,65,66,68,72,72,64,60,49,37,42,47,48,51,45,43,45,58,50,58,67,75,81,78,58,46,39,37,41,43,42,50,55,52,43,43,50,48,47,42,47,57,43,42,41,37,38,30,46,42,48,58,56,52,63,64,51,64,50,50,39,35,35,30,35,37,45,52,43,42,30,32,55,56,26,23,34,44,41,9,7,24,28,40,45,45,46,36,33,35,41,39,29
1980,30,31,23,20,20,16,33,32,27,25,56,55,29,39,39,26,39,42,37,33,22,31,34,15,20,21,26,26,17,10,8,12,12,10,15,15,24,24,26,24,22,31,28,30,30,26,20,18,28,38,48,43,30,33,39,34,20,22,21,9,12,31,38,39,38,36,31,40,44,40,22,33,29,27,29,49,49,41,58,49,53,47,54,45,45,50,58,46,51,53,56,49,51,47,49,45,64,56,56,66,57,53,54,52,57,42,49,53,58,70,52,47,53,59,60,63,64,57,58,68,71,73,78,61,63,73,64,64,56,63,69,74,67,61,62,74,76,68,72,73,76,86,83,78,68,65,70,65,73,79,85,72,75,74,69,72,79,70,71,58,55,59,69,82,87,74,68,73,80,77,70,70,83,86,91,93,91,78,71,78,71,78,74,82,83,83,73,77,68,76,84,89,65,80,88,86,83,87,85,86,87,83,73,78,81,84,80,85,84,74,81,84,83,86,76,84,86,86,88,90,81,78,80,76,78,79,78,71,78,82,79,73,78,82,82,86,83,85,79,73,77,85,81,83,83,75,77,76,77,72,68,69,65,76,63,60,68,64,68,70,52,64,73,71,76,70,56,62,61,51,58,59,69,72,69,61,57,59,58,54,63,50,52,63,53,42,43,49,54,72,66,57,46,48,44,40,49,51,51,43,41,42,40,51,46,37,45,54,50,39,48,45,42,42,30,34,38,43,37,27,29,26,27,40,39,38,42,43,38,31,26,44,38,40,47,52,44,19,18,28,33,50,38,32,19,28,33,20,18,17,10,25,28,4,10,18,27,31,-5,14,21,34,37,30,7
,16,22,-8,-13,3,23,29,10,14,19,2,5,1,11,15,12,13,20,35,34,23,28,31,28,33,43,42,29,17,16,21,37,47,25,14,14,25,32,35,31,39,58,30,22,30,36,47,53,58,62,58,59,61,55,49,42,37,36,37,39,38,28,30,32,31,38,37,37,37,34,35,42,33,48,44,29,29,29,33,41,41,47,45,48,54,48,53,72,66,55,67,51,73,73,66,43,60,72,64,64,54,47,60,52,37,53,54,63,51,42,36,47,49,56,45,61,63,65,64,64,61,60,65,74,83,66,57,68,69,77,66,75,57,69,78,66,52,53,65,71,76,71,70,82,82,79,78,82,72,79,67,70,76,67,75,83,76,66,72,74,73,74,75,77,71,80,93,76,81,85,71,73,79,74,74,73,67,76,82,81,87,84,88,85,82,84,84,85,95,93,87,86,87,80,66,80,83,84,74,82,78,82,77,75,77,82,81,76,73,59,77,83,85,84,82,84,76,70,70,69,82,85,83,81,77,75,72,70,60,75,78,79,84,81,80,74,70,74,71,75,74,78,79,77,82,73,80,75,79,77,77,63,60,62,72,80,78,70,65,56,69,61,62,61,53,49,50,66,67,73,58,55,52,46,58,50,58,58,57,55,49,49,53,52,50,58,66,63,57,53,55,49,52,52,42,57,43,52,50,63,51,46,53,54,53,62,50,51,59,56,45,45,47,39,44,32,47,49,43,48,43,40,41,42,41,37,33,32,28,30,44,42,32,29,33,47,39,41,35,30,30,29,27,25,29,29,26,32,34,33,27,20,18,15,25,30,37,38,35,31,29,36,32,24,31
,35,31,30,40,39,34,34,15,13,1,4,1,6,8,18,23,8,8,15,24,3,1,30,30,11,3,12,32,32,35,35,33,29,39,37,22,29,26,30,27,22,17,27,26,28,44,45,16,30,30,35,38,29,31,16,13,17,25,18,29,31,17,25,38,34,34,29,25,34,46,43,45,43,34,38,39,47,43,43,41,43,39,52,55,47,24,32,51,62,58,51,38,47,42,35,24,26,36,46,51,52,46,50,51,60,70,71,61,64,72,61,38,63,63,79,68,69,54,59,71,67,67,67,64,72,74,83,75,58,58,57,64,62,61,65,68,64,74,79,73,56,68,58,52,67,79,81,82,70,78,70,76,69,60,59,59,60,69,71,78,80,65,74,62,67,75,69,71,71,80,66,65,74,62,70,66,71,74,79,66,73,68,74,68,71,78,85,87,87,85,82,88,87,80,84,88,88,92,96,89,75,78,86,81,81,84,86,80,66,76,81,80,83,71,71,84,75,79,85,86,81,77,75,74,73,74,83,86,81,77,81,79,58,70,76,77,68,80,83,65,66,75,73,68,81,74,71,77,78,62,71,81,85,86,87,88,86,71,69,58,68,63,69,70,67,64,71,74,73,62,62,66,72,70,56,68,64,69,74,67,69,59,55,63,61,55,60,56,48,47,50,64,69,62,42,49,48,56,57,59,63,70,68,63,59,68,74,73,52,47,48,57,49,43,51,66,60,40,42,41,49,49,51,50,54,53,58,58,41,39,29,36,47,42,53,52,56,65,57,63,48,36,35,25,30,20,14,35,41,54,31,22,31,32,28,28,30,42,57,58,40,57,56,32,30
,38,37,25,18,38,35,38,38,22,47,51,37,14,26,30,25,17,5,2,10,22,29,37,38,39,29,25,28,33,37,36,37,43,46,39,13,15,24,23,21,9,4,13,24,39,35,37,38,37,31,44,44,32,41,37,27,26,37,47,44,33,37,35,39,52,44,44,42,40,35,33,42,49,45,44,51,51,52,48,34,35,26,25,26,36,45,43,35,34,41,46,46,42,45,45,51,51,57,52,52,38,45,54,61,56,46,42,37,42,39,40,52,57,45,43,46,66,76,65,61,64,69,71,62,54,60,74,63,39,46,51,50,67,72,64,47,51,62,67,69,68,70,74,67,70,64,51,60,66,63,58,65,69,73,61,68,76,71,66,72,77,78,86,90,92,91,91,86,81,82,84,88,90,91,80,71,67,74,68,77,83,80,85,91,95,79,64,73,82,71,72,78,90,82,87,87,83,82,85,86,83,86,80,86,73,81,80,88,85,84,87,87,82,76,85,76,86,86,81,88,67,70,71,64,73,80,82,84,79,84,84,83,73,63,77,73,80,83,85,84,83,79,75,77,82,85,84,87,88,79,77,81,75,84,73,66,66,66,70,65,70,84,88,83,62,60,62,66,62,71,63,71,73,77,77,77,71,64,65,59,63,50,56,59,66,76,76,53,50,60,57,48,45,48,53,49,58,52,42,46,62,48,44,52,60,57,55,46,45,38,47,53,53,58,47,38,32,39,43,42,41,35,36,46,50,48,43,47,46,38,34,35,40,39,34,36,34,28,37,39,38,26,35,37,19,37,37,44,51,39,35,29,26,1,16,37,32,17,1,15,20,39,39,21,21
,20,27,32,36,40,38,34,12,21,19,11,3,19,29,13,16,24,25,23,14,8,12,26,41,43,29,40,23,31,34,22,13,24,46,43,33,30,17,16,20,39,43,40,53,54,44,42,42,49,47,43,31,39,56,53,41,31,31,26,12,18,16,25,34,38,22,11,10,20,29,8,19,21,33,51,33,28,32,40,47,43,39,39,39,35,39,46,38,37,46,52,53,52,55,54,60,44,36,37,39,55,54,59,53,46,48,63,55,52,54,48,50,66,53,46,57,65,73,77,73,53,48,58,52,48,67,70,62,54,62,70,63,59,55,49,47,60,65,58,67,70,78,80,67,81,78,64,53,55,54,57,65,74,68,77,80,73,86,91,92,91,88,83,86,77,63,72,78,69,82,71,77,73,76,68,75,72,79,82,82,78,82,88,82,80,74,83,76,68,77,82,75,85,82,87,88,85,80,73,78,82,80,85,86,82,76,78,66,74,80,80,85,76,82,86,88,88,87,85,82,87,82,84,82,87,89,86,83,69,72,72,69,76,81,76,73,75,79,82,83,84,83,77,72,66,62,63,64,61,69,74,76,75,70,65,69,69,53,57,64,70,69,77,63,69,76,76,81,74,55,59,60,60,52,49,53,53,49,49,64,63,56,56,63,64,71,65,60,64,61,59,64,67,63,62,59,59,58,49,63,74,65,59,55,58,60,43,53,52,50,38,43,51,58,61,53,33,36,44,47,41,40,27,30,31,32,38,38,46,53,57,65,58,46,44,41,37,36,31,29,26,32,41,40,37,43,48,30,31,44,53,40,33,38,24,41,36,43,41,26,15,47,58,42,36
,44,45,24,30,25,18,9,9,14,13,14,19,24,28,28,7,14,13,25,23,12,22,32,26,29,19,20,26,23,20,24,29,20,17,20,19,11,11,6,13,25,28,42,42,33,30,28,36,30,36,30,39,42,42,51,55,47,41,33,54,47,28,19,36,24,33,41,43,44,53,45,42,40,37,33,38,24,43,52,31,45,48,38,34,42,62,65,54,48,34,36,37,39,43,52,56,50,46,33,43,46,47,37,51,73,74,40,38,46,61,71,67,69,63,68,70,55,55,63,80,65,66,56,58,47,50,65,48,65,74,73,78,84,66,71,63,74,59,59,82,73,66,75,75,78,64,65,63,67,75,78,66,82,73,70,65,58,73,67,78,76,68,58,58,57,72,66,74,77,70,75,76,82,84,78,59,65,72,65,70,77,84,77,76,84,87,87,75,76,83,78,75,70,82,80,88,84,79,81,85,83,83,81,75,81,88,80,75,81,89,76,69,72,75,80,83,87,87,80,83,86,89,80,72,82,89,87,78,78,84,77,78,76,74,73,72,65,71,77,80,66,58,60,70,74,69,80,74,72,81,80,65,56,61,57,61,63,70,71,73,76,80,84,70,72,76,73,66,73,64,66,71,73,74,61,61,63,60,58,57,64,64,64,51,52,54,59,65,56,54,62,62,50,51,61,68,60,61,59,64,44,42,46,50,51,55,53,51,47,49,53,51,42,41,32,45,49,40,32,34,45,51,61,66,45,32,41,41,32,29,32,30,31,34,44,48,22,26,30,31,31,36,30,28,30,27,32,29,23,29,29,21,18,22,18,21,33,41,32,16,28,26,25,26,36
,35,32,26,15,29,25,7,11,36,37,29,42,38,0,10,20,41,49,52,44,33,41,28,13,27,33,32,11,16,25,21,19,30,25,25,37,26,11,19,29,31,28,22,23,24,27,26,30,36,40,40,37,21,29,32,24,14,25,24,34,36,43,43,38,22,25,17,25,38,44,35,35,41,36,39,46,46,57,41,24,37,46,41,52,67,50,53,66,76,60,75,62,54,49,48,42,51,57,44,43,39,44,52,61,68,62,69,64,69,71,61,46,51,63,70,70,74,82,85,71,74,50,42,51,57,63,76,56,62,72,71,65,71,77,72,68,76,86,67,68,74,59,74,59,76,82,84,77,87,77,66,78,56,65,78,67,66,73,83,72,80,68,60,65,78,80,82,61,70,76,72,77,83,82,78,58,71,70,85,77,74,79,67,60,74,70,83,91,85,79,66,71,64,64,73,78,82,83,86,88,79,73,82,85,89,87,81,78,83,86,77,73,76,79,81,78,80,82,75,80,77,81,77,74,76,80,75,78,86,81,75,82,80,69,67,67,71,76,71,60,65,72,76,77,78,74,69,68,69,64,64,73,66,73,79,71,58,62,53,59,62,63,55,61,64,64,74,67,66,57,63,69,77,70,64,60,59,53,48,53,63,59,45,55,58,59,64,54,51,52,48,60,63,54,67,62,46,53,52,51,51,62,56,45,56,53,46,44,34,40,49,57,60,42,35,42,38,32,37,41,47,42,28,30,32,30,43,46,44,42,42,46,44,28,27,40,46,42,35,38,36,32,36,42,31,35,20,30,37,30,33,36,37,35,28,33,34,40,42,39,30,32,35,34,32
,33,31,24,27,28,33,34,25,33,32,31,30,30,37,35,33,15,29,29,19,31,28,31,12,16,6,13,23,27,28,35,27,34,35,30,19,33,40,38,21,21,25,18,13,2,1,13,21,21,26,29,33,39,31,27,30,32,40,40,37,36,31,30,35,41,52,56,38,13,26,35,36,35,34,29,36,36,38,40,41,49,58,64,68,54,52,56,63,61,67,38,41,46,57,56,58,45,43,54,65,69,64,64,63,71,66,67,75,79,81,83,59,63,58,59,56,64,45,49,48,52,57,54,57,53,55,59,66,72,74,74,69,70,76,64,64,63,60,66,66,71,77,55,61,64,74,64,82,85,92,88,86,78,78,67,75,64,65,71,64,69,77,71,72,80,82,79,73,83,85,76,85,74,81,90,86,79,72,72,80,83,77,75,71,80,80,86,73,83,87,93,92,93,93,89,71,76,82,90,77,78,79,89,92,95,86,85,79,70,75,82,76,77,82,82,87,69,80,83,82,75,70,71,76,84,85,87,93,95,86,84,77,81,74,71,66,72,69,66,64,63,77,78,65,66,65,71,78,78,77,74,75,76,74,69,62,73,70,75,63,62,60,59,58,60,66,62,54,60,61,74,78,67,56,69,61,45,63,69,67,50,53,53,42,49,53,57,66,68,65,60,64,61,56,44,55,63,52,50,57,47,49,48,48,51,49,53,69,63,35,35,50,51,33,34,39,47,45,42,54,63,62,49,41,17,29,44,52,42,41,30,32,45,49,42,34,38,33,31,31,30,39,51,48,44,38,41,42,36,34,26,26,29,38,41,38,38,37,48,34,33,24,16,11,32
,40,28,28,30,20,13,9,19,25,22,23,33,38,-4,18,37,43,42,39,37,42,23,28,39,39,26,13,18,25,42,56,50,38,23,25,11,16,18,21,28,29,16,32,24,29,39,38,34,41,43,42,35,38,41,29,28,29,30,33,29,37,31,25,27,42,42,35,47,42,28,27,31,38,34,39,42,38,33,24,15,30,47,53,59,59,49,42,50,64,51,58,60,55,62,60,66,63,44,45,52,50,55,60,60,47,42,57,58,44,45,49,47,54,46,49,58,58,52,49,45,47,54,58,68,76,78,64,74,75,66,61,71,81,62,76,67,56,54,62,74,72,75,80,67,53,66,80,86,82,73,74,69,61,64,72,80,71,68,65,63,64,78,89,92,94,97,87,79,83,88,94,85,81,68,71,71,68,75,79,65,61,56,71,83,84,90,89,93,97,97,95,88,85,84,78,75,88,74,88,76,79,69,81,84,80,80,83,84,85,90,95,84,88,91,97,94,93,89,84,87,92,88,90,92,94,93,88,69,79,68,76,76,67,66,73,61,74,79,82,76,68,72,72,76,81,81,67,71,63,70,74,75,79,65,68,69,64,58,63,60,70,76,80,67,66,71,66,69,64,68,64,58,68,75,72,59,48,50,48,51,47,43,58,55,44,40,51,63,69,70,63,46,47,51,41,45,51,47,49,50,52,45,40,43,45,39,42,54,66,62,54,48,48,54,49,39,47,53,47,61,62,44,37,40,40,39,36,34,39,50,59,52,40,45,43,40,47,31,22,40,45,31,29,19,2,10,25,31,40,12,20,18,29,49,52,25,36,42,43,26,34,39,29,29,32
,25,35,33,1,12,16,32,43,31,31,31,41,42,37,45,37,37,36,41,37,12,32,46,42,27,37,33,39,43,45,45,48,21,16,13,22,30,28,26,20,25,29,33,32,44,34,30,17,16,29,39,46,40,28,14,18,26,31,36,34,25,21,34,36,21,1,22,35,35,38,31,33,51,59,42,38,26,28,36,37,35,44,46,45,52,66,71,66,39,40,37,52,47,56,63,49,48,46,51,41,40,48,48,50,56,50,64,56,52,52,60,38,41,53,53,59,58,48,53,70,70,55,51,69,66,66,63,52,64,67,55,72,68,71,75,79,81,89,91,89,74,64,73,59,78,75,65,67,77,68,68,83,71,82,72,76,71,77,78,73,68,72,73,63,71,62,67,79,70,80,83,85,89,92,85,85,87,88,79,74,79,74,88,90,87,80,89,85,78,82,78,80,82,81,77,79,83,82,85,85,76,82,85,88,89,94,94,94,72,75,79,84,84,82,85,85,85,88,73,70,77,81,81,70,81,82,84,82,75,77,82,76,82,75,70,66,66,67,73,78,75,81,73,69,71,69,73,73,78,82,83,86,90,71,76,71,61,68,69,61,71,69,74,78,82,81,55,63,65,51,62,68,63,70,64,65,48,59,56,53,50,45,54,53,62,70,61,64,70,59,41,48,58,47,47,60,63,73,69,71,72,70,70,67,61,47,44,34,49,57,51,48,51,50,47,45,49,66,66,73,40,41,35,42,39,26,24,31,36,43,32,53,24,27,15,21,23,13,16,35,34,13,18,25,25,13,9,9,17,12,20,20,17,19,13,0,9,12,20,25,8,18,6,15,41
1990,41,37,39,43,39,34,37,42,41,39,35,35,25,11,34,41,52,52,32,31,28,35,37,47,46,49,39,42,34,31,37,44,44,10,13,23,36,43,44,48,42,35,30,44,42,24,41,40,30,41,21,40,48,35,25,11,13,29,29,34,49,41,22,21,16,24,36,46,53,51,47,49,66,72,78,69,50,49,40,43,51,50,34,44,38,29,42,38,41,50,52,49,46,45,46,43,41,46,50,49,34,36,46,50,57,51,52,41,59,53,54,66,60,70,57,80,90,90,74,70,78,59,62,67,49,61,57,53,78,71,51,66,56,71,70,67,60,63,50,56,51,52,52,69,73,76,80,80,66,62,71,83,84,78,62,62,66,75,74,82,73,69,81,78,80,78,82,87,82,78,71,75,85,78,77,75,84,76,68,66,73,66,80,83,79,73,71,75,80,84,81,77,72,76,82,89,84,87,91,87,72,82,82,75,80,83,86,87,87,89,90,77,76,83,89,89,83,72,71,80,83,72,82,82,74,76,80,82,86,88,71,72,77,81,83,77,79,89,84,85,78,76,81,79,76,70,75,69,75,71,64,69,73,69,82,77,79,73,58,54,53,62,58,63,62,63,58,64,68,73,75,64,65,60,54,64,66,66,82,80,50,49,53,64,66,74,66,65,60,65,75,50,50,62,57,50,46,50,42,44,47,41,48,53,59,63,72,70,44,47,39,35,40,42,37,30,31,35,53,63,58,32,32,40,40,49,51,46,50,38,56,68,60,37,45,48,33,42,34,39,40,44,42,44,25,37,47,23,34,30,33,42,42,31,49,57,58,36,25,28,20,31,49,51,28
,29,35,22,29,30,34,27,11,30,31,12,28,22,29,39,38,37,35,35,41,8,9,26,28,9,22,31,38,35,20,25,17,40,49,52,51,43,41,44,45,36,24,18,33,34,36,16,33,34,44,46,41,48,17,28,28,35,29,34,53,58,51,34,32,51,47,29,31,24,25,37,40,42,42,47,56,45,50,40,38,44,38,39,39,46,50,58,46,34,46,47,45,49,66,63,74,83,73,63,61,42,44,50,58,50,58,55,52,60,54,44,50,62,69,63,73,65,64,70,61,74,58,53,55,64,56,58,56,66,70,79,83,82,64,75,87,76,57,67,76,84,79,83,88,76,71,76,79,74,77,80,75,77,76,66,66,76,84,81,79,89,80,74,68,76,75,73,70,83,86,88,78,70,76,80,85,89,92,95,77,74,74,81,84,83,70,79,83,76,74,76,78,80,69,80,84,88,91,92,93,96,82,82,92,83,87,78,80,80,85,86,81,86,84,85,74,71,74,83,84,72,73,77,82,89,90,80,85,89,83,68,76,76,82,74,71,79,81,89,92,87,93,71,63,72,79,69,79,81,80,79,76,78,67,66,67,71,67,84,80,75,67,59,58,63,61,63,53,66,59,53,49,53,60,76,76,71,76,65,52,55,65,71,54,52,49,51,58,56,60,66,49,44,50,62,69,72,71,69,70,47,44,51,51,47,58,51,42,41,45,43,34,39,40,35,35,38,48,48,49,36,45,58,71,51,44,48,48,38,31,36,47,39,60,58,44,35,35,14,18,38,46,50,35,42,47,53,40,35,15,18,22,15,30,38,37,37,30,14,30,32,34,34,27,30
,37,31,42,43,35,38,34,22,37,37,19,32,41,49,11,-4,20,23,14,20,21,19,39,41,5,14,20,28,39,35,35,17,15,24,24,19,19,32,33,23,22,32,7,27,33,35,35,42,43,45,41,34,33,33,22,33,36,38,35,25,21,40,36,44,40,42,38,45,51,50,21,21,21,18,25,33,30,35,39,27,27,30,33,42,47,53,41,41,53,50,45,44,41,45,39,48,50,49,58,50,36,45,36,45,45,49,38,49,63,70,79,73,59,49,50,52,55,60,65,63,58,65,60,54,53,58,67,75,78,72,77,80,83,59,72,68,74,64,76,83,90,90,91,51,59,60,61,69,75,78,64,61,75,80,73,76,73,83,83,73,67,75,85,86,86,66,76,84,83,78,73,62,60,72,63,65,79,81,81,86,78,75,73,65,77,76,73,78,81,77,81,74,81,76,65,75,82,78,83,75,85,70,73,64,79,82,79,82,77,83,77,61,68,81,80,74,74,81,82,82,78,81,82,68,68,63,74,76,78,71,76,65,79,83,86,86,90,90,87,85,77,72,70,64,69,59,75,78,73,76,80,77,85,69,63,72,76,78,81,83,84,69,69,66,74,57,59,67,61,67,70,59,43,49,65,69,54,47,56,65,71,66,66,64,61,55,51,50,62,52,48,45,45,44,49,57,57,43,47,45,50,50,39,42,37,40,48,54,51,42,32,30,34,43,46,59,60,42,39,35,34,32,34,38,53,56,42,47,43,52,50,42,43,42,44,45,40,35,27,36,37,19,21,33,37,34,37,35,41,42,41,39,41,43,28,37,40,37,30,31,23,38,39,33,43
,32,20,36,52,55,36,37,32,13,13,20,22,24,24,27,31,30,23,17,33,36,41,40,44,41,27,34,24,31,12,25,4,14,34,32,35,2,19,22,24,33,26,26,25,25,30,31,29,19,19,18,11,29,30,15,14,28,20,19,32,36,41,37,36,27,42,46,38,41,31,20,20,18,23,41,41,11,28,36,38,37,44,45,56,59,61,57,46,49,40,35,38,32,45,51,55,60,63,64,60,51,36,43,57,63,73,66,49,65,59,59,38,44,60,73,54,51,66,76,73,73,65,75,73,69,75,61,77,83,67,81,77,57,66,73,64,59,65,59,57,67,64,69,64,73,66,59,54,60,68,65,62,67,69,65,67,56,71,75,76,77,66,83,87,87,81,69,79,82,74,76,77,74,73,80,88,85,84,81,78,78,82,81,80,82,90,94,94,93,92,92,89,84,83,83,77,77,75,86,83,84,74,66,74,81,79,76,73,87,86,79,83,88,85,85,81,72,79,75,80,84,82,78,80,82,85,84,88,76,80,82,75,69,73,80,88,86,91,89,87,77,81,88,73,81,84,76,79,72,69,72,71,72,60,65,80,83,83,60,65,67,58,59,66,66,61,64,69,64,64,61,55,51,56,60,52,53,51,60,70,56,67,43,50,47,45,51,59,70,61,62,50,58,54,53,46,69,55,53,54,48,53,49,43,33,39,42,47,54,51,37,43,51,48,49,49,49,60,51,44,46,46,46,46,40,52,39,36,25,32,47,63,40,36,39,41,45,41,37,38,41,39,41,48,47,23,33,34,37,33,33,36,36,42,37,37,18,24,29,23,5,8,14,16,25
,37,36,8,11,15,7,-2,8,12,10,27,27,32,20,7,-5,28,24,3,7,13,17,20,31,17,0,15,47,44,9,10,18,17,25,23,33,26,24,2,-2,7,16,25,33,26,27,25,36,44,50,53,49,35,18,30,23,14,14,21,25,34,27,36,33,40,41,44,32,32,28,34,36,42,41,38,23,35,34,37,46,41,61,53,49,42,39,43,41,42,48,43,48,49,53,57,42,33,43,52,58,51,60,50,58,76,69,49,51,72,51,47,47,59,73,52,61,81,52,59,56,64,50,65,71,70,63,69,59,72,58,66,61,52,68,74,55,62,54,64,69,81,88,72,74,67,57,58,58,73,80,85,75,55,72,75,83,76,74,67,76,73,82,78,84,83,88,92,96,97,80,86,73,79,79,73,77,86,79,77,82,83,81,86,78,83,84,87,87,93,92,82,83,84,88,79,73,80,85,80,86,91,94,90,87,87,86,84,80,65,83,84,84,84,80,84,87,71,71,78,82,80,72,75,80,81,76,65,75,79,77,82,82,74,65,70,76,78,83,81,80,73,72,62,65,66,65,69,64,59,66,74,74,60,65,74,75,70,73,73,83,61,66,73,79,73,63,69,71,73,69,69,62,53,60,53,50,51,52,55,68,74,73,53,51,60,66,54,53,55,59,57,64,62,65,56,64,63,59,55,53,59,60,65,59,61,56,56,67,67,64,51,56,55,43,42,47,50,59,59,48,54,60,57,46,50,53,34,29,43,34,30,48,44,38,38,50,50,53,47,47,39,28,34,34,38,16,26,33,26,35,37,37,33,35,48,50,40,35,39,35,40,44,38,12,34
,33,32,30,25,23,31,29,27,27,10,20,42,55,60,66,63,36,44,47,50,42,38,30,27,28,25,18,16,29,32,36,40,29,24,25,18,-5,10,16,26,30,34,14,22,25,36,41,37,43,45,40,37,29,40,39,19,13,28,28,34,25,27,40,36,42,50,56,22,26,32,44,58,60,58,63,52,42,51,54,55,49,42,35,46,48,46,49,55,49,47,40,43,46,48,24,32,41,46,45,47,56,57,54,48,42,36,52,57,64,55,63,54,49,53,58,58,56,58,58,55,62,67,69,72,69,55,51,62,71,62,55,63,67,74,58,66,59,68,69,67,77,66,77,68,68,66,68,75,74,74,88,88,79,74,72,82,86,89,64,70,80,75,69,79,74,76,84,87,93,100,78,80,88,89,89,94,95,83,85,91,92,86,78,78,90,90,94,80,84,79,80,82,89,96,100,83,82,72,88,84,80,83,89,83,81,90,86,84,89,92,84,90,94,75,84,76,77,71,79,84,86,87,87,86,80,85,89,91,90,86,83,87,91,74,77,71,70,75,75,79,82,75,71,77,74,77,82,85,75,76,63,63,61,70,77,72,69,63,70,68,61,68,68,70,76,57,62,61,63,67,59,67,71,74,78,66,56,63,56,58,65,57,66,71,79,81,71,59,51,53,66,59,72,76,54,67,72,55,58,61,61,52,42,45,42,56,63,45,46,49,47,43,33,47,66,63,34,39,50,40,38,40,35,40,45,39,37,31,36,37,37,47,21,28,40,37,37,41,35,36,28,22,26,26,17,21,20,25,31,32,30,25,12,17,25,30,31,27,26,28,24,30,26,31,35
,25,6,3,6,3,2,3,0,20,19,21,26,31,41,27,32,46,53,65,28,27,35,35,47,37,33,53,29,29,32,18,14,20,6,8,14,19,32,37,36,31,39,22,10,22,17,24,23,22,31,46,50,40,47,46,38,37,38,43,30,36,31,23,28,25,14,13,17,30,38,44,50,52,47,32,44,50,58,46,42,36,31,38,68,48,27,40,49,42,48,57,41,40,42,41,44,43,37,43,35,54,54,42,39,57,46,40,53,71,73,66,67,58,48,55,71,53,53,53,64,63,60,64,60,58,54,65,68,70,59,59,46,49,57,68,64,66,72,82,81,75,77,70,61,61,67,69,71,59,60,75,80,82,76,77,78,75,64,63,72,75,86,86,73,79,80,73,82,79,76,73,79,69,70,72,68,70,71,74,70,71,85,85,75,69,79,72,76,83,81,70,80,80,71,82,80,83,83,85,76,65,76,81,80,82,79,78,78,76,80,75,66,72,79,81,84,86,88,89,86,78,74,72,78,80,79,85,77,79,80,76,84,83,84,74,78,85,74,70,80,80,72,79,83,79,81,84,85,84,83,70,74,75,76,77,69,72,65,65,65,71,69,72,76,64,59,58,51,64,64,71,64,61,71,67,61,45,52,60,68,63,58,52,44,55,64,60,46,60,49,55,58,50,52,53,58,57,55,59,66,63,49,52,52,45,40,39,48,44,55,67,74,60,46,41,33,29,29,23,33,47,42,37,37,33,35,38,23,30,28,24,23,32,39,58,50,39,37,36,37,38,37,38,34,37,38,45,38,37,41,50,50,38,27,26,31,36,48,37,30,31,44,46,41,10
,18,26,28,34,47,42,29,19,20,31,26,26,28,30,31,37,14,7,14,25,26,43,47,26,42,26,20,33,20,16,33,36,34,30,32,37,36,30,16,24,30,25,31,20,31,36,18,24,47,49,37,53,57,30,29,23,47,45,33,44,53,30,34,35,29,27,26,30,40,36,28,19,29,32,22,36,32,34,37,39,32,25,31,39,43,49,55,59,43,37,39,46,52,50,60,63,59,37,27,39,47,42,49,43,51,62,55,38,45,56,57,61,61,54,57,61,65,57,61,73,67,57,52,52,63,65,47,57,50,48,64,60,63,64,64,55,53,63,55,58,55,52,61,68,67,55,66,77,77,65,73,65,76,74,76,75,77,73,79,86,90,86,86,81,68,76,83,71,70,77,77,89,83,78,75,86,83,77,87,88,89,89,82,77,73,77,82,79,73,64,76,86,86,78,84,88,88,87,82,66,74,71,76,76,80,81,84,84,86,75,81,86,84,82,73,77,73,75,82,86,89,91,84,71,72,74,78,90,74,74,74,76,65,74,73,75,77,79,73,76,73,76,77,78,81,60,61,76,68,70,70,74,74,72,79,70,74,77,66,71,77,76,70,54,66,56,54,61,55,63,68,61,65,48,55,54,67,75,78,69,65,76,73,56,63,69,70,54,53,51,54,57,58,49,43,40,46,45,45,48,42,45,53,59,61,67,57,61,51,54,53,50,43,44,39,39,33,26,29,28,39,37,37,38,44,35,36,35,35,45,39,34,38,37,28,30,34,38,35,34,37,33,27,24,27,33,33,32,28,44,44,36,43,40,20,24,32,31,37,38,37,26,34,34,21
,23,39,47,46,41,45,30,34,36,39,36,29,39,21,14,20,14,30,32,30,28,15,27,31,28,20,26,36,31,28,32,36,45,40,26,21,26,26,31,40,43,47,43,35,14,17,36,40,46,40,37,34,39,36,34,34,41,38,51,44,44,36,40,38,38,36,43,53,49,16,15,31,35,31,30,39,43,38,37,29,29,33,35,43,53,66,78,61,80,84,55,52,43,36,43,54,58,59,50,50,53,62,64,68,68,69,70,61,60,50,62,68,67,63,48,52,46,61,72,76,81,65,67,72,76,66,74,73,65,62,74,72,75,80,84,86,80,78,73,82,68,62,73,77,81,70,74,85,88,70,73,64,71,59,61,64,60,61,67,77,82,79,65,69,71,78,72,80,78,78,81,88,86,84,84,83,80,79,76,81,74,64,80,82,81,74,78,71,70,77,70,71,77,79,88,89,88,85,79,83,87,86,89,75,75,75,74,83,83,82,73,73,79,81,81,81,85,79,74,87,87,84,77,72,73,80,80,79,84,72,69,73,73,73,74,81,77,84,83,83,69,78,77,74,75,73,73,74,87,73,65,62,67,74,69,69,73,71,67,74,71,75,75,82,70,58,63,68,73,80,64,66,67,62,54,54,59,58,54,58,60,56,58,54,56,65,59,50,55,62,73,69,56,51,48,60,71,61,53,57,54,50,49,49,48,45,40,39,41,40,45,44,42,49,58,50,40,45,48,41,33,36,47,48,43,42,58,53,41,44,42,44,45,55,57,55,50,60,39,60,67,33,42,43,41,44,46,33,47,43,33,28,39,42,49,51,21,29,29,34,34,38,38,34,17
,17,7,36,31,18,23,25,20,27,20,19,24,15,8,34,32,40,49,39,37,37,36,48,52,36,31,32,20,14,17,17,31,42,45,45,40,27,28,26,42,41,46,56,31,20,32,36,42,38,34,28,25,9,16,29,27,37,42,44,38,36,45,53,26,17,15,21,23,25,21,24,29,34,32,42,51,51,36,36,47,48,42,51,36,43,51,55,59,53,63,62,51,58,42,49,66,53,60,49,43,47,50,48,45,53,59,52,60,57,57,62,62,50,51,60,60,55,60,64,68,73,78,78,75,74,80,73,75,64,55,61,58,57,69,75,77,77,82,74,62,68,79,78,69,65,62,64,74,81,88,90,82,83,78,74,80,82,94,86,66,78,84,89,88,84,67,70,74,73,77,82,82,87,89,91,77,92,96,87,86,80,86,87,87,92,93,92,83,74,71,74,75,83,82,86,89,93,97,90,74,76,85,90,89,88,84,82,90,87,85,91,96,88,75,79,69,81,74,75,68,68,73,78,85,84,76,77,82,87,77,79,81,67,75,85,87,86,83,83,89,75,71,77,86,90,90,93,87,85,84,84,84,75,75,75,81,70,73,58,58,67,73,73,61,49,68,74,60,67,72,77,75,70,67,65,60,44,47,50,47,58,70,63,63,57,67,62,53,67,61,47,48,52,54,56,47,46,43,59,44,50,57,64,62,63,69,67,47,57,56,39,39,60,64,32,41,44,50,39,32,36,42,58,59,53,66,59,65,48,60,60,43,38,30,26,35,41,45,57,56,40,36,41,49,40,31,38,36,41,43,37,28,28,43,42,31,27,21,21,32,22,21,25,35,22
2000,41,51,55,53,37,34,37,34,39,43,44,37,22,8,17,31,0,4,15,21,10,6,22,30,19,22,10,6,21,31,33,30,17,17,17,30,25,30,21,35,27,35,19,31,30,31,33,19,21,22,34,32,44,46,45,42,44,57,46,48,43,32,42,40,41,47,61,66,29,33,34,28,45,50,50,26,29,43,52,56,58,62,56,60,53,57,52,46,43,48,60,53,48,59,44,45,51,64,34,44,35,38,44,57,77,56,40,52,53,57,47,44,41,49,50,47,47,61,71,55,59,58,68,77,74,73,89,71,65,62,59,71,74,64,58,65,69,63,53,59,57,65,68,70,64,64,63,59,68,74,75,78,79,70,65,68,57,69,69,65,65,54,64,63,62,78,86,78,69,74,78,77,82,76,80,83,88,82,79,77,72,81,87,75,81,69,73,69,77,71,77,77,81,82,84,78,77,80,78,69,74,68,73,76,81,83,81,76,82,80,81,74,73,85,82,78,78,75,85,81,86,82,80,79,78,77,81,78,66,71,74,67,74,76,67,77,82,81,72,74,80,83,86,88,65,67,65,61,66,73,77,77,80,73,74,73,74,66,59,64,73,75,82,72,62,63,65,56,62,68,47,55,67,72,72,75,55,53,57,52,46,43,45,62,65,68,75,69,47,59,54,58,63,70,48,56,63,66,69,70,50,35,41,41,45,52,59,58,43,42,47,48,54,55,49,41,45,48,41,45,45,38,40,40,34,31,25,22,35,37,42,42,40,35,33,25,29,36,37,24,27,13,19,33,37,43,21,27,25,38,56,39,27,23,22,29,21,25,17,20,22,13,19,24,26
,22,21,26,28,31,32,28,35,23,18,35,22,31,33,33,37,26,30,32,18,19,26,31,36,30,27,29,26,32,34,31,29,34,25,28,31,35,34,29,45,46,13,25,31,38,33,34,29,23,35,45,42,18,29,20,39,40,29,19,15,25,21,26,28,29,31,36,39,38,37,27,37,37,44,33,32,37,40,47,48,36,33,41,33,32,32,38,42,38,35,37,37,40,48,50,46,46,45,50,47,53,48,56,50,51,50,49,44,48,61,68,72,79,80,55,64,65,51,60,74,86,86,89,77,58,65,72,78,76,81,85,66,58,64,58,65,68,63,67,74,78,66,63,65,75,73,67,64,64,53,60,70,63,68,66,69,71,76,76,78,81,68,77,87,92,93,90,78,81,89,76,79,79,68,71,86,88,90,77,76,83,78,70,68,80,79,68,80,74,82,78,72,70,71,71,74,80,78,79,82,85,88,87,91,88,79,65,71,78,83,84,86,89,93,86,87,89,91,95,96,99,90,83,86,86,79,83,87,81,79,86,81,80,84,84,72,80,83,76,77,69,79,86,66,66,79,74,67,75,85,87,88,82,73,76,69,63,64,71,76,66,75,73,77,75,74,79,70,64,60,54,62,62,70,72,76,79,63,64,49,49,56,70,75,64,78,72,64,67,58,49,59,61,60,57,63,68,65,50,44,44,50,49,45,62,70,61,51,43,45,51,50,50,44,36,36,46,47,60,60,38,54,59,55,39,45,53,52,67,56,47,37,46,58,58,49,49,50,58,64,47,32,36,39,45,43,49,52,32,25,33,36,38,37,31,26,38,40,32,31,27,28,30,30,29
,25,33,33,28,34,36,31,27,34,42,39,37,36,27,34,29,37,30,25,31,34,36,45,41,36,42,47,51,31,20,18,41,20,33,32,22,27,38,37,24,41,39,34,33,32,43,43,31,25,38,49,47,37,31,40,48,60,37,30,37,47,59,32,28,34,32,51,66,63,33,40,47,45,53,43,36,36,34,39,35,23,32,30,28,36,40,43,56,59,60,45,46,49,39,43,34,43,52,63,51,61,69,62,63,72,86,90,81,83,54,42,39,47,58,58,46,52,40,39,52,53,50,50,65,71,79,73,55,60,68,59,54,47,53,59,71,58,47,49,52,54,68,77,71,62,74,80,81,81,76,75,80,62,61,72,74,64,70,72,82,71,64,61,73,71,62,66,67,72,77,84,88,72,85,77,77,86,86,81,83,85,91,94,95,90,75,78,72,84,83,70,71,79,84,86,81,67,82,74,79,79,86,90,78,73,78,76,81,78,87,86,90,90,84,87,88,87,71,77,77,82,87,93,93,93,96,91,89,88,93,80,80,82,77,73,71,79,85,71,75,65,80,79,73,80,84,84,71,77,87,93,98,93,79,69,74,85,73,68,74,73,79,77,81,72,67,71,73,73,58,64,62,69,78,80,61,63,72,61,65,50,56,65,63,65,66,49,54,52,49,51,51,51,44,46,44,46,46,44,47,42,40,37,44,41,33,36,42,39,39,38,53,62,67,71,50,45,49,50,33,33,32,37,45,48,49,38,40,38,34,28,26,35,40,35,30,16,20,26,30,32,33,17,30,34,38,34,39,36,31,21,26,41,48,39,44,37,31,29,29,27,33,32,29,43
,40,20,30,26,25,27,23,30,24,18,19,24,25,13,13,20,20,9,18,21,6,5,3,7,22,24,11,10,24,25,35,38,35,33,36,29,24,24,25,27,29,18,20,1,6,1,-2,14,23,38,42,45,30,38,19,11,16,29,31,38,37,19,32,32,22,28,39,38,14,30,39,26,22,36,55,63,39,40,37,55,43,42,55,64,48,50,64,68,44,29,32,39,32,27,35,33,32,33,40,54,52,59,50,60,82,56,37,56,63,75,70,54,45,41,54,49,62,80,64,59,73,51,54,68,73,57,59,66,57,65,71,60,57,58,66,67,68,76,82,82,65,65,69,60,70,62,69,65,70,65,72,57,69,72,73,67,79,70,78,73,72,72,74,67,65,72,73,80,73,73,72,82,83,89,96,90,94,88,85,85,81,83,84,87,92,92,88,82,90,79,80,71,76,75,84,87,78,83,78,77,83,76,79,75,77,84,83,77,73,81,82,85,71,81,89,85,88,82,83,86,85,85,82,83,86,87,87,84,77,81,86,87,87,88,75,75,69,78,82,69,77,73,72,72,73,75,75,70,75,72,70,71,77,83,80,78,85,83,76,75,78,78,78,70,75,67,71,69,69,79,70,62,60,54,52,55,51,54,55,59,69,73,77,76,73,66,70,59,53,52,47,47,47,53,41,38,44,52,65,52,53,48,57,66,66,48,49,44,56,50,52,37,37,43,43,55,53,33,34,40,43,53,66,47,53,46,57,59,40,41,49,52,53,40,41,27,25,24,22,17,23,28,28,39,47,40,19,24,25,37,41,33,26,22,30,39,46,50,41,35,31,38,47,47,38
,36,36,45,46,27,29,18,1,-4,2,20,21,24,-8,-7,8,14,30,21,14,16,26,10,2,3,0,6,14,19,13,13,24,28,33,35,26,34,32,20,35,36,30,24,36,33,8,17,25,31,26,32,35,34,30,26,27,24,29,40,48,50,41,43,47,51,39,37,38,43,45,42,30,41,41,28,30,34,36,36,38,21,35,46,51,66,54,50,60,65,48,49,40,45,39,28,43,51,53,47,43,46,50,46,44,46,51,66,58,82,53,67,70,53,54,47,53,60,50,78,84,82,79,60,52,51,66,63,52,66,68,75,84,83,85,80,67,76,74,70,74,65,56,63,72,59,62,74,71,61,67,70,58,64,62,70,77,66,79,88,88,66,67,69,78,79,82,78,80,83,77,72,76,69,78,83,73,72,73,71,74,76,81,76,80,85,80,76,81,81,75,78,79,81,76,77,78,76,79,81,81,81,84,87,78,71,74,77,67,71,81,84,81,87,83,78,74,70,66,66,69,80,81,82,69,71,76,77,73,77,79,80,74,68,72,74,67,77,79,81,85,87,73,76,72,66,80,71,70,73,78,66,75,69,75,78,67,73,71,75,71,59,61,66,71,77,71,78,74,70,75,71,64,65,69,64,62,67,50,60,70,76,69,56,51,56,64,68,60,56,49,50,52,54,47,54,54,53,54,52,52,47,53,60,61,46,48,46,45,46,54,57,39,30,39,47,34,30,44,49,48,47,50,51,41,49,48,50,50,61,35,42,50,43,42,45,39,30,35,42,24,37,42,37,40,35,32,37,22,20,35,35,32,37,2,25,39,57,34,22,16,12,23,30,31,45
,48,37,40,33,28,32,35,28,28,39,28,36,55,58,24,22,16,3,16,16,-3,3,2,16,18,6,2,14,23,27,24,31,32,39,37,39,50,49,43,37,28,30,33,28,35,42,45,27,22,20,18,26,33,27,17,22,23,26,32,29,25,19,27,37,35,46,46,17,24,30,30,35,34,36,36,36,36,39,41,41,47,37,45,39,42,50,42,47,51,62,56,50,56,43,55,65,59,53,57,57,44,50,51,51,54,68,73,64,77,68,49,60,52,68,48,67,58,55,60,62,56,54,52,52,60,65,60,55,64,80,79,51,58,61,61,63,56,57,65,69,60,52,55,67,66,59,56,72,69,71,74,78,83,84,87,83,85,86,79,87,84,89,89,88,76,69,64,65,62,68,80,84,70,74,83,92,89,93,90,83,86,87,75,82,86,84,76,79,75,66,87,89,90,87,82,86,89,86,89,90,84,88,85,78,79,88,85,74,75,80,79,79,82,86,84,89,84,81,85,86,87,89,84,83,88,70,80,84,78,70,78,78,84,77,73,71,81,82,84,77,80,79,80,80,83,77,69,74,81,80,79,71,64,72,85,86,87,77,71,76,64,78,78,80,81,72,62,66,67,66,71,68,57,71,76,79,76,79,79,76,50,53,58,57,60,54,58,61,52,52,53,56,52,51,51,45,52,45,41,41,44,47,57,58,68,49,63,53,67,63,53,48,42,47,39,47,59,57,46,71,43,34,38,49,54,44,26,31,31,27,37,53,68,56,40,39,30,30,33,30,24,26,30,34,32,30,13,13,20,33,33,32,28,29,23,30,36,39,44,39,30,38,43,30,16
,25,34,25,35,35,33,22,31,39,38,44,43,50,55,21,17,34,47,38,49,54,30,34,35,34,29,30,46,37,36,37,32,43,48,46,47,34,23,20,18,16,25,19,29,37,54,43,51,19,24,30,33,36,39,33,18,15,16,21,25,31,20,26,30,32,31,34,45,56,52,52,56,55,31,31,25,26,26,26,36,38,49,45,47,44,48,55,60,64,74,67,52,57,43,44,49,49,41,50,60,65,73,61,67,64,48,47,63,70,68,69,55,49,54,50,59,52,52,61,70,74,56,54,76,72,65,58,73,70,74,71,62,56,60,68,61,58,70,56,58,55,50,55,68,79,78,70,82,82,85,85,74,75,64,59,74,79,75,65,62,57,58,70,78,77,78,86,76,91,88,78,77,82,76,79,83,72,84,77,83,73,80,88,83,83,80,73,81,84,85,85,80,76,84,90,86,90,92,84,84,88,84,74,75,82,85,86,88,78,89,76,85,94,92,81,86,76,80,86,77,79,75,70,71,75,81,82,81,81,85,76,71,74,78,72,70,72,75,64,74,73,68,68,74,71,70,67,70,71,75,80,74,63,66,68,58,65,73,75,74,80,72,66,63,65,65,77,63,65,70,74,63,60,57,59,67,67,52,57,63,69,74,54,61,60,50,57,51,58,54,59,64,56,43,43,48,43,45,43,48,53,45,51,59,58,47,43,42,44,54,52,54,62,56,58,40,52,51,55,70,70,46,39,34,38,44,49,40,49,52,55,42,54,63,46,46,41,37,29,40,42,20,34,43,37,41,49,52,52,44,47,49,35,39,45,37,46,44,41,38,32,30,23,28,31
,45,41,44,51,56,62,43,45,38,30,33,43,44,25,30,18,6,30,31,29,15,23,27,28,6,1,12,15,17,11,25,28,33,30,17,9,20,18,18,19,25,26,24,7,9,11,25,29,26,7,33,28,30,20,21,28,29,36,30,29,36,41,35,32,5,14,15,27,41,42,46,52,55,50,22,23,31,34,35,38,53,49,49,49,46,50,46,45,50,47,59,46,49,39,35,33,34,35,39,41,44,38,37,45,39,53,43,58,62,68,70,78,82,63,53,60,57,60,54,60,60,58,60,63,58,59,74,82,83,89,80,57,60,73,72,52,48,54,58,64,64,70,79,88,89,77,69,72,74,80,76,82,81,78,70,78,60,65,90,79,79,84,88,80,79,81,86,79,79,92,76,72,69,70,75,85,96,96,88,74,72,65,73,79,79,78,77,75,69,85,87,80,77,74,76,83,78,82,72,70,76,78,80,80,82,86,87,89,78,83,84,87,87,94,92,84,78,75,83,85,75,78,82,88,80,74,79,86,79,68,69,70,75,71,74,85,91,76,80,86,90,81,73,70,77,86,72,69,84,92,90,63,70,68,68,69,73,66,62,66,72,76,78,81,82,75,79,84,82,76,70,66,66,69,67,75,78,81,69,58,57,60,66,65,55,52,48,54,53,58,71,77,64,72,77,67,54,57,62,59,56,45,55,62,56,49,47,52,53,51,42,38,43,40,39,46,50,57,53,40,38,38,40,38,38,36,28,29,43,42,45,32,41,35,28,23,35,24,24,26,28,37,20,30,34,36,22,37,12,23,19,22,35,31,30,37,52,38,38,38,36,38,41,36,32
,30,25,4,25,35,43,51,63,56,42,41,43,34,31,24,26,31,39,30,20,20,30,30,20,27,26,32,28,38,42,28,34,33,34,37,43,34,24,28,35,35,17,16,33,28,33,20,39,54,37,26,22,24,27,35,39,33,32,14,36,30,47,48,40,42,48,33,34,26,33,34,28,40,42,35,29,40,38,39,30,35,29,32,41,46,47,36,29,39,44,59,41,51,41,49,56,59,62,67,56,39,49,43,49,55,65,77,76,80,77,77,79,78,66,72,70,69,55,46,50,55,56,54,58,66,74,66,71,60,68,70,67,71,79,69,61,73,67,49,62,64,59,62,68,74,73,67,63,77,74,74,67,75,65,64,71,68,92,91,89,93,80,72,82,84,83,80,70,69,69,68,76,75,77,73,81,74,83,80,83,81,78,82,71,78,83,85,88,87,85,77,71,86,77,79,80,83,85,80,85,72,75,80,75,74,82,84,84,79,81,80,82,80,77,69,78,80,77,78,74,77,78,69,75,75,77,76,77,80,84,66,72,78,84,83,83,71,69,77,82,75,80,78,80,84,84,79,89,75,70,77,68,65,69,64,75,82,80,66,71,61,65,69,61,61,65,75,76,62,72,70,60,68,63,55,56,58,55,54,60,65,71,66,66,68,69,69,62,57,51,51,51,50,46,39,45,58,61,59,55,44,37,39,54,49,41,51,61,64,61,61,62,52,45,39,43,46,59,62,60,40,30,25,27,25,22,27,37,42,40,39,42,37,37,49,41,38,41,33,30,30,10,45,52,22,26,17,37,51,39,31,32,27,7,21,20,24,41,46,34,46,52,39,35,13
,10,23,23,20,33,32,33,34,17,16,12,21,32,28,6,9,12,23,22,20,19,32,39,39,19,18,22,27,26,31,23,33,36,23,12,10,21,43,46,24,40,52,45,29,31,30,26,34,37,37,24,32,33,26,20,33,43,50,25,25,18,16,28,37,51,50,47,33,38,52,27,33,46,54,45,57,50,51,33,44,38,27,39,54,53,55,68,50,45,42,50,62,61,51,44,45,41,40,53,53,47,36,49,51,57,57,65,55,54,58,53,62,52,70,86,70,89,85,59,71,72,61,67,70,62,63,62,73,66,57,61,65,70,63,69,75,63,56,69,75,88,74,69,76,63,66,57,56,68,69,66,62,65,70,69,75,78,67,67,64,72,76,72,77,77,73,75,76,64,71,74,79,71,80,84,87,81,76,80,69,79,79,74,77,73,77,77,70,65,75,81,79,75,74,68,76,82,79,78,72,79,80,74,81,78,81,84,83,86,88,82,69,82,77,78,83,79,77,72,74,75,86,81,82,85,87,89,89,90,90,82,82,83,81,78,78,81,76,68,69,63,76,69,72,77,80,81,71,71,74,81,74,74,70,71,70,74,67,68,67,65,61,70,78,73,75,69,59,64,62,68,59,55,51,55,62,61,60,60,59,58,56,54,54,49,43,41,41,46,48,45,52,56,51,63,46,55,54,51,55,53,48,57,67,55,52,50,43,43,38,48,64,65,63,47,50,56,50,57,52,42,51,56,53,51,48,49,54,52,52,45,45,46,48,38,48,59,47,38,38,32,30,39,37,27,28,36,36,40,25,9,17,19,16,27,21,19,28,27,41,42,33,28,23,28
2010,32,30,20,21,22,25,26,19,18,18,29,26,18,36,39,39,39,38,35,31,29,25,27,38,54,38,35,33,12,10,22,24,27,28,25,26,15,23,22,30,26,32,30,27,30,36,35,34,36,32,36,32,40,40,33,42,45,39,37,38,42,37,38,35,49,51,52,43,48,53,49,50,47,52,57,61,60,66,57,38,39,46,48,55,33,36,44,49,41,46,65,79,82,67,68,62,79,64,52,55,58,54,57,63,55,46,46,46,58,67,71,58,58,66,61,67,47,46,55,66,76,85,76,70,75,68,60,61,41,52,61,61,65,70,63,70,74,76,66,81,77,83,82,86,91,92,78,78,75,73,79,73,84,70,79,81,60,69,68,70,62,71,64,77,69,71,66,75,84,84,85,80,81,80,80,80,67,77,82,79,70,65,78,86,88,92,95,95,96,89,83,88,88,85,82,89,80,90,83,76,81,83,82,76,88,77,80,88,89,77,72,75,82,84,82,89,87,76,72,78,83,87,81,80,83,83,78,84,84,79,85,71,74,69,73,78,76,77,72,79,88,89,92,92,91,92,78,68,73,81,74,62,69,73,68,67,64,59,64,61,68,70,65,66,69,64,82,78,60,61,81,69,75,61,56,55,57,66,56,63,62,53,61,57,54,60,64,48,49,57,51,51,59,51,45,48,41,61,72,69,65,51,45,44,40,42,47,44,42,40,40,36,43,45,47,58,57,63,51,53,56,44,37,47,32,52,56,42,32,42,35,34,42,46,57,42,37,30,28,26,26,21,18,25,35,51,46,18,16,25,22,33,32,24,27,29,29,25,18,15,16,29,30,34,45
,51,49,31,29,29,25,27,25,28,22,20,22,21,19,24,24,11,31,31,24,20,17,5,1,24,33,29,31,31,21,12,11,21,21,26,36,34,35,33,22,20,21,33,36,44,23,35,48,57,35,20,14,17,28,34,33,22,32,38,29,35,18,36,48,48,23,26,36,43,48,39,38,33,43,41,52,58,35,43,38,37,31,34,34,34,34,32,39,48,51,40,51,50,51,52,40,48,54,62,64,73,57,53,51,41,45,51,48,49,51,45,54,53,61,64,59,82,73,58,59,70,67,58,48,46,65,66,62,63,67,69,72,77,67,53,53,60,68,76,72,74,73,68,76,69,86,60,78,81,81,86,90,68,68,72,67,80,86,91,82,73,65,63,69,70,81,86,75,81,75,77,82,76,74,66,72,75,84,81,75,76,75,84,80,87,87,87,78,83,77,83,89,88,79,80,83,86,90,80,82,89,97,95,93,79,75,80,78,85,81,81,84,92,79,80,81,88,87,85,83,82,83,76,81,82,83,69,79,81,84,85,85,78,75,75,80,79,78,81,66,74,78,79,79,80,84,83,72,67,63,72,79,67,75,80,80,73,60,58,63,68,68,66,73,74,75,72,78,79,81,76,68,71,60,54,59,59,59,55,64,74,80,76,67,67,68,70,58,58,56,56,61,71,56,50,51,63,53,50,41,47,41,47,51,54,58,55,43,46,53,57,62,68,60,46,47,60,63,57,57,49,41,50,52,36,36,34,35,50,55,58,57,64,61,37,37,38,49,52,45,37,38,37,37,33,41,36,43,49,50,30,22,39,35,47,48,35,16,35,34,40,42,23,31,39
